,kic,Type,dSct,gdor
0,1026294,DSCT,1.0,
1,1161908,GDORS,,
2,1162150,DSCT,1.0,
3,1163943,DSCT,1.0,
4,1294670,DSCT,1.0,
5,1430590,DSCT,1.0,
6,1430741,GDORM,2.0,
7,1431379,GDORS,,1.0
8,1431379,GDORS,,1.0
9,1431379,GDORS,,1.0
10,1431794,DSCT/ROT,1.0,
11,1432149,GDORS,2.0,1.0
12,1432149,GDORS,2.0,1.0
13,1433399,GDORM,,
14,1434660,DSCT,1.0,
15,1434800,GDORM,,
16,1570023,DSCT,1.0,
17,1571717,DSCT,1.0,
18,1572768,DSCT,,
19,1573174,DSCT/ROT,1.0,
20,1575977,DSCT,1.0,1.0
21,1576115,DSCT,1.0,
22,1577039,DSCT,1.0,
23,1577912,DSCT,1.0,
24,1718594,DSCT,1.0,
25,1724222,GDORM,,
26,1724961,DSCT,1.0,
27,1872262,GDORM,,1.0
28,2011424,DSCT,1.0,
29,2018261,DSCT/ROT,1.0,
30,2020966,GDORM,,
31,2158208,DSCT,1.0,
32,2162283,DSCT,,
33,2162904,DSCT,1.0,
34,2164165,GDORM,,
35,2166218,DSCT,1.0,
36,2167444,DSCT,1.0,
37,2168333,DSCT,1.0,1.0
38,2168420,DSCT,1.0,
39,2282763,DSCT,1.0,
40,2283124,DSCT,1.0,
41,2297728,DSCT,1.0,
42,2300165,GDORS,2.0,1.0
43,2300165,GDORS,2.0,1.0
44,2300529,DSCT,1.0,
45,2300603,DSCT/ROT,1.0,
46,2301163,DSCT/ROT,1.0,
47,2303365,DSCT,1.0,
48,2304168,DSCT,1.0,
49,2304235,DSCT,,
50,2309579,GDORS,,1.0
51,2309579,GDORS,,1.0
52,2310284,GDORS,,
53,2310586,DSCT,1.0,
54,2425057,GDOR,,
55,2438249,GDORM,1.0,
56,2439211,DSCT,1.0,
57,2439660,DSCT,1.0,
58,2448307,GDORM,,
59,2449383,GDORS,2.0,1.0
60,2449383,GDORS,2.0,1.0
61,2450944,DSCT,,1.0
62,2450944,DSCT,,1.0
63,2554867,DSCT,1.0,
64,2570760,DSCT,1.0,
65,2571868,DSCT,1.0,
66,2574960,GDOR/ROT?,,
67,2575161,GDORS,,1.0
68,2575161,GDORS,,1.0
69,2575952,DSCT,2.0,
70,2578404,DSCT,1.0,
71,2579147,DSCT,1.0,1.0
72,2579147,DSCT,1.0,1.0
73,2579595,GDORA,,
74,2579906,DSCT/ROT,1.0,
75,2581674,GDORM,,
76,2581905,DSCT,1.0,
77,2581964,GDORA,,
78,2582539,GDORS,,
79,2582800,DSCT/ROT,1.0,
80,2583234,DSCT,1.0,
81,2583669,DSCT,1.0,
82,2583748,GDORM,,
83,2693097,GDORM,,
84,2693450,DSCT,1.0,
85,2694337,DSCT,1.0,
86,2695030,DSCT,1.0,
87,2695344,GDORM,,
88,2696217,GDORA,,1.0
89,2696703,GDORA,,
90,2707479,DSCT,1.0,
91,2710406,GDORM,,1.0
92,2712821,DSCT/ROT,1.0,
93,2714707,DSCT,1.0,
94,2714807,DSCT,1.0,
95,2717483,DSCT,1.0,
96,2718630,DSCT,1.0,
97,2718944,DSCT/ROT,1.0,
98,2719928,DSCT,1.0,1.0
99,2719928,DSCT,1.0,1.0
100,2835795,GDORM,,
101,2837174,DSCT/ROT,1.0,
102,2853280,DSCT,1.0,
103,2855603,DSCT,1.0,
104,2857323,DSCT,1.0,
105,2857324,DSCT,,
106,2860851,DSCT/MAIA/ROT,,
107,2972005,DSCT,1.0,
108,2974815,DSCT,1.0,
109,2985022,DSCT,1.0,
110,2987660,DSCT,1.0,
111,2988145,DSCT,1.0,1.0
112,2988783,GDORS,2.0,
113,2994888,DSCT,1.0,
114,2995931,DSCT,1.0,
115,2996232,GDORA,,
116,2998561,DSCT,1.0,
117,3002379,GDORS,,
118,3003224,DSCT/ROT,1.0,
119,3097912,DSCT,1.0,
120,3098015,DSCT,1.0,
121,3103576,GDORS,,1.0
122,3119604,DSCT,1.0,
123,3120057,DSCT,1.0,
124,3123138,DSCT/ROT,1.0,
125,3127911,DSCT/ROT,1.0,
126,3127996,GDORM,,1.0
127,3127996,GDORM,,1.0
128,3127996,GDORM,,1.0
129,3127996,GDORM,,1.0
130,3127996,GDORM,,1.0
131,3127996,GDORM,,1.0
132,3217554,DSCT,1.0,
133,3218637,DSCT,2.0,
134,3219256,DSCT,1.0,
135,3222364,GDORM,,1.0
136,3222364,GDORM,,1.0
137,3222854,GDORM,2.0,1.0
138,3222854,GDORM,2.0,1.0
139,3222854,GDORM,2.0,1.0
140,3223460,DSCT,1.0,
141,3230884,DSCT/ROT,,
142,3231406,DSCT/ROT,1.0,
143,3238073,DSCT,1.0,
144,3238245,GDORM/ROT,,1.0
145,3239508,DSCT,1.0,
146,3240231,DSCT,1.0,
147,3240556,DSCT,1.0,
148,3240967,GDORS/GDORA,,1.0
149,3240967,GDORS/GDORA,,1.0
150,3241388,DSCT/ROT,1.0,
151,3245420,DSCT,1.0,
152,3247039,DSCT,1.0,
153,3323168,DSCT,1.0,
154,3337002,DSCT,1.0,
155,3338680,DSCT,1.0,
156,3340360,DSCT,1.0,
157,3345665,GDORS,2.0,1.0
158,3345665,GDORS,2.0,1.0
159,3346027,DSCT,1.0,
160,3346195,DSCT,1.0,
161,3348390,GDORA,,
162,3348714,GDORM,,1.0
163,3348714,GDORM,,1.0
164,3425802,DSCT,1.0,
165,3426991,DSCT,1.0,
166,3427727,DSCT,1.0,
167,3429637,DSCT,1.0,
168,3437940,DSCT,1.0,
169,3440495,DSCT,1.0,
170,3440840,GDORM,,1.0
171,3440985,DSCT,,
172,3441159,DSCT,1.0,
173,3441864,DSCT,1.0,
174,3443127,DSCT,,
175,3444098,DSCT,1.0,
176,3445406,GDORM,,
177,3445468,GDORM,,1.0
178,3445468,GDORM,,1.0
179,3446471,DSCT,1.0,
180,3446996,GDORS,2.0,1.0
181,3446996,GDORS,2.0,1.0
182,3448475,DSCT,2.0,
183,3449625,GDORS,,1.0
184,3449625,GDORS,,1.0
185,3449625,GDORS,,1.0
186,3453272,GDORS,,1.0
187,3453494,DSCT,1.0,
188,3454731,DSCT,1.0,1.0
189,3455863,DSCT,1.0,
190,3456198,DSCT,1.0,
191,3456605,DSCT,1.0,
192,3456780,DSCT,1.0,1.0
193,3458318,DSCT,,
194,3529242,DSCT,1.0,
195,3532510,DSCT,1.0,
196,3533854,GDORA,,
197,3539153,GDORS,,1.0
198,3539869,DSCT,1.0,
199,3540952,GDORM,,1.0
200,3542566,DSCT,1.0,
201,3546765,DSCT/ROT,1.0,
202,3547523,DSCT,1.0,
203,3548369,DSCT,1.0,
204,3548900,DSCT,1.0,
205,3555191,DSCT,1.0,
206,3556847,DSCT,1.0,
207,3558145,DSCT,1.0,
208,3560660,DSCT,1.0,
209,3561700,DSCT/SPB,,
210,3627370,GDORS,,1.0
211,3627370,GDORS,,1.0
212,3634384,DSCT,1.0,
213,3641023,DSCT,1.0,
214,3645863,GDORM,2.0,
215,3648131,DSCT/EB,1.0,
216,3650040,GDORS,,
217,3654076,GDORA,,
218,3655513,DSCT,1.0,
219,3657843,GDORM,,
220,3660006,DSCT,1.0,
221,3660828,DSCT,1.0,
222,3661206,GDORM,,
223,3731292,DSCT/EB,1.0,
224,3734682,GDORM,,1.0
225,3734682,GDORM,,1.0
226,3744309,DSCT,1.0,
227,3747373,DSCT,1.0,
228,3748250,DSCT/ROT,1.0,
229,3748748,GDORA,,1.0
230,3749833,DSCT,1.0,
231,3756846,GDORM,,
232,3757814,DSCT,1.0,
233,3758403,GDORM,2.0,
234,3760002,DSCT,1.0,
235,3761641,DSCT,1.0,
236,3763579,DSCT,1.0,
237,3833853,DSCT/ROT,1.0,
238,3848351,GDORS,,1.0
239,3848351,GDORS,,1.0
240,3848645,DSCT/EB,1.0,
241,3849354,DSCT,1.0,
242,3849414,GDORM,2.0,
243,3850810,DSCT,1.0,
244,3851151,DSCT/ROT,1.0,
245,3853654,DSCT,1.0,
246,3854031,DSCT/ROT,1.0,
247,3855001,DSCT,1.0,
248,3858884,DSCT/EB,,
249,3858926,GDORM,2.0,
250,3861094,GDORS/GDORA,,
251,3861139,DSCT,1.0,
252,3862244,DSCT,1.0,
253,3863594,DSCT,,
254,3864417,DSCT,1.0,
255,3865358,DSCT,1.0,
256,3866552,GDORM,,
257,3866714,GDORS,,1.0
258,3867256,DSCT/ROT,1.0,1.0
259,3867593,GDORS,,
260,3867778,GDORS,,
261,3868284,DSCT,1.0,
262,3868382,GDORS,,1.0
263,3868382,GDORS,,1.0
264,3868382,GDORS,,1.0
265,3868588,DSCT/ROT,1.0,
266,3869794,DSCT,1.0,
267,3941283,DSCT,1.0,
268,3942280,DSCT,,
269,3942392,GDORS,,1.0
270,3942392,GDORS,,1.0
271,3942392,GDORS,,1.0
272,3942911,DSCT,1.0,
273,3952623,DSCT/ROT,1.0,
274,3964128,GDORS,2.0,1.0
275,3965201,DSCT,1.0,
276,3966273,DSCT,1.0,
277,3966357,GDORS,,1.0
278,3966434,DSCT/ROT,1.0,
279,3967085,GDORM,,1.0
280,3967268,DSCT,1.0,
281,3967333,DSCT,1.0,1.0
282,3968961,DSCT,1.0,
283,3969800,DSCT,1.0,
284,3970729,DSCT,1.0,
285,3971170,GDORS,,1.0
286,3971170,GDORS,,1.0
287,3972467,GDORS,,1.0
288,3972467,GDORS,,1.0
289,3973432,DSCT,1.0,
290,3975085,DSCT,1.0,
291,4035667,DSCT/ROT,1.0,
292,4042590,DSCT,1.0,
293,4044353,DSCT,1.0,
294,4048494,DSCT,1.0,
295,4050047,GDORS,,
296,4054968,DSCT,1.0,
297,4057293,GDORS,,
298,4066281,GDORS,,
299,4067389,GDORM,,1.0
300,4069477,GDORS,,1.0
301,4069477,GDORS,,1.0
302,4072582,DSCT,1.0,
303,4074388,GDORM,2.0,1.0
304,4076350,GDORS/GDORA,,1.0
305,4076350,GDORS/GDORA,,1.0
306,4076350,GDORS/GDORA,,1.0
307,4077032,DSCT,1.0,
308,4077275,DSCT/ROT,1.0,
309,4078743,DSCT,1.0,1.0
310,4079482,DSCT,1.0,1.0
311,4136161,DSCT/ROT,1.0,
312,4137903,DSCT,1.0,
313,4138848,DSCT,1.0,
314,4141155,DSCT,1.0,
315,4141670,DSCT,1.0,
316,4142768,DSCT/HRTB,,
317,4149851,GDORS,,
318,4150611,DSCT/EB,,
319,4156254,DSCT/ROT,1.0,
320,4158822,GDORM,,
321,4160235,DSCT,1.0,
322,4164363,GDORS,,1.0
323,4168574,DSCT,1.0,
324,4168579,DSCT,1.0,
325,4170631,DSCT,1.0,
326,4171102,DSCT,1.0,1.0
327,4171102,DSCT,1.0,1.0
328,4172085,GDORM,,
329,4174472,DSCT,1.0,
330,4177905,DSCT,1.0,1.0
331,4180099,DSCT,1.0,
332,4180199,DSCT,1.0,
333,4180375,DSCT,1.0,
334,4242315,DSCT/ROT,1.0,
335,4243461,DSCT,1.0,
336,4243984,DSCT,1.0,
337,4245701,GDORM,,
338,4252716,DSCT,1.0,
339,4252757,DSCT,1.0,
340,4253413,DSCT,1.0,1.0
341,4263127,DSCT,1.0,
342,4264546,DSCT,,
343,4269332,DSCT,1.0,
344,4269337,DSCT,1.0,
345,4271930,DSCT,1.0,
346,4273425,DSCT/ROT,1.0,
347,4274480,DSCT,1.0,
348,4274730,DSCT/ROT,1.0,
349,4276002,DSCT,1.0,
350,4277242,DSCT/ROT,1.0,
351,4281581,DSCT,2.0,
352,4283747,DSCT,1.0,
353,4285040,GDORS,,1.0
354,4285040,GDORS,,1.0
355,4285359,DSCT,1.0,
356,4355012,DSCT,1.0,
357,4366913,DSCT/ROT,1.0,
358,4370855,GDORA,,
359,4372410,DSCT,1.0,
360,4374812,DSCT/ROT,1.0,
361,4376648,DSCT/ROT,1.0,
362,4380834,DSCT,1.0,
363,4381016,DSCT/ROT,1.0,
364,4381221,DSCT,1.0,
365,4383117,DSCT/ROT,1.0,
366,4383955,DSCT,1.0,
367,4386091,DSCT,1.0,1.0
368,4386091,DSCT,1.0,1.0
369,4390625,GDORS,,1.0
370,4390625,GDORS,,1.0
371,4390902,DSCT/ROT,1.0,
372,4391108,DSCT,1.0,
373,4448157,GDORS,,1.0
374,4448157,GDORS,,1.0
375,4456107,DSCT,1.0,
376,4457800,GDORM,,
377,4458172,DSCT,1.0,
378,4459939,DSCT/ROT,,
379,4464876,GDORS,,1.0
380,4464876,GDORS,,1.0
381,4466180,GDORM,2.0,
382,4470415,GDORM,,
383,4471379,DSCT,1.0,1.0
384,4472465,DSCT,1.0,
385,4473083,DSCT,1.0,
386,4473450,DSCT,1.0,
387,4476186,DSCT,1.0,
388,4476836,DSCT/ROT,1.0,
389,4480321,DSCT/ROT,1.0,1.0
390,4480321,DSCT/ROT,1.0,1.0
391,4480321,DSCT/ROT,1.0,1.0
392,4481004,GDORS,,1.0
393,4481426,DSCT,1.0,
394,4481653,GDORS,2.0,
395,4481700,DSCT,1.0,1.0
396,4482231,DSCT,1.0,1.0
397,4488796,DSCT,1.0,
398,4488840,DSCT,1.0,
399,4550962,GDORM,1.0,
400,4556345,DSCT,1.0,
401,4562615,DSCT,1.0,
402,4566474,GDORS,,1.0
403,4566474,GDORS,,1.0
404,4566498,GDORS,,1.0
405,4566498,GDORS,,1.0
406,4569150,DSCT,1.0,
407,4570326,DSCT/ROT,,
408,4570408,DSCT/ROT,1.0,
409,4574142,DSCT,1.0,
410,4575908,DSCT,1.0,
411,4580484,DSCT,1.0,
412,4585982,GDORS,1.0,1.0
413,4585982,GDORS,1.0,1.0
414,4587528,DSCT,1.0,
415,4588073,DSCT,1.0,
416,4641555,DSCT,,
417,4647763,DSCT,1.0,
418,4648848,DSCT,1.0,
419,4649476,DSCT,1.0,
420,4650137,GDORS/ROT,2.0,1.0
421,4650563,GDORS,,1.0
422,4658336,DSCT,1.0,1.0
423,4658442,GDORM,2.0,
424,4659837,GDORM,,1.0
425,4661223,GDORA,,1.0
426,4661660,DSCT,1.0,
427,4662336,DSCT,1.0,
428,4668993,GDORM,,
429,4670388,DSCT,1.0,
430,4670846,DSCT,1.0,
431,4671225,DSCT,1.0,
432,4672176,GDORS,,1.0
433,4672176,GDORS,,1.0
434,4677446,DSCT,1.0,
435,4677684,DSCT,1.0,
436,4679528,DSCT,1.0,
437,4679562,DSCT/ROT,1.0,
438,4680002,DSCT,1.0,
439,4680338,GDORA,,
440,4726268,DSCT,1.0,
441,4727286,GDORA,,1.0
442,4737720,DSCT,1.0,
443,4740125,DSCT/ROT,1.0,
444,4749989,DSCT/ROT,1.0,
445,4756040,DSCT,1.0,
446,4756171,DSCT,,
447,4757997,GDORM,,
448,4758316,GDORA,,1.0
449,4758316,GDORA,,1.0
450,4761183,GDORS,,
451,4763381,DSCT,1.0,
452,4764008,DSCT,1.0,
453,4768668,DSCT,1.0,
454,4768677,DSCT,1.0,
455,4768919,DSCT,1.0,
456,4773851,DSCT/ROT,1.0,
457,4814686,DSCT,1.0,
458,4824290,DSCT,1.0,
459,4826031,GDORS,2.0,1.0
460,4826031,GDORS,2.0,1.0
461,4832225,GDORM,,
462,4840401,GDORM,,
463,4840675,DSCT/ROT,1.0,
464,4842057,GDORS/GDORA,1.0,1.0
465,4842166,DSCT,1.0,
466,4843037,GDORS/GDORA,,1.0
467,4843037,GDORS/GDORA,,1.0
468,4846809,GDORS,,1.0
469,4846809,GDORS,,1.0
470,4847371,DSCT,1.0,
471,4847411,DSCT,1.0,
472,4847691,GDORS,2.0,1.0
473,4848216,DSCT,1.0,
474,4851881,GDORM,1.0,
475,4852661,DSCT,1.0,
476,4856630,DSCT,1.0,
477,4857064,GDORS,1.0,1.0
478,4857064,GDORS,1.0,1.0
479,4859790,GDORA,,1.0
480,4859790,GDORA,,1.0
481,4860444,DSCT,1.0,
482,4860458,GDORM,2.0,1.0
483,4860458,GDORM,2.0,1.0
484,4862968,DSCT,1.0,
485,4863077,DSCT,1.0,
486,4902475,DSCT,1.0,
487,4903473,DSCT,1.0,
488,4904182,GDORS,,1.0
489,4919344,DSCT,1.0,1.0
490,4919344,DSCT,1.0,1.0
491,4919344,DSCT,1.0,1.0
492,4919818,DSCT,1.0,
493,4920125,DSCT,1.0,
494,4927383,GDORM,,
495,4927495,DSCT/EB,1.0,
496,4927985,DSCT,1.0,
497,4930550,DSCT,1.0,
498,4930578,DSCT,1.0,
499,4932276,GDORS,,1.0
500,4932361,DSCT/MAIA/ROT,,
501,4932417,GDORS,2.0,1.0
502,4932657,DSCT/ROT,1.0,
503,4932691,GDORM/EB,,
504,4934767,GDORS,,
505,4936524,DSCT,1.0,
506,4937435,DSCT,1.0,
507,4937512,DSCT,,
508,4937872,DSCT,1.0,
509,4938281,DSCT,1.0,
510,4940217,GDORS,1.0,
511,4945346,DSCT,1.0,
512,4946956,DSCT,1.0,
513,4947130,DSCT/ROT,1.0,
514,4951030,GDORS,2.0,1.0
515,4952246,GDOR/EB,,1.0
516,4952246,GDOR/EB,,1.0
517,4952341,DSCT,1.0,
518,4989900,DSCT,1.0,
519,5008954,DSCT/ROT,1.0,
520,5018590,GDORS,,1.0
521,5018590,GDORS,,1.0
522,5019234,DSCT,1.0,
523,5019263,GDORS,,
524,5019567,DSCT,1.0,
525,5020065,DSCT,1.0,
526,5021329,GDORS,2.0,1.0
527,5021374,GDORA,,1.0
528,5022451,DSCT,,
529,5023338,DSCT,1.0,
530,5024084,GDORA,,
531,5024455,GDORM,,
532,5025234,GDOR,,
533,5025464,GDORS,,1.0
534,5025464,GDORS,,1.0
535,5031804,GDORM,,1.0
536,5031804,GDORM,,1.0
537,5034039,DSCT,1.0,
538,5036037,DSCT,1.0,
539,5036493,DSCT,1.0,
540,5037681,GDORS,,1.0
541,5037710,GDORS,,
542,5038228,DSCT,1.0,1.0
543,5038228,DSCT,1.0,1.0
544,5038228,DSCT,1.0,1.0
545,5038228,DSCT,1.0,1.0
546,5038469,DSCT,1.0,
547,5038548,GDORS,,1.0
548,5040435,GDORS,,1.0
549,5040435,GDORS,,1.0
550,5042785,DSCT,1.0,
551,5042993,GDORS,,1.0
552,5080290,DSCT,,
553,5092684,GDORS,,1.0
554,5092684,GDORS,,1.0
555,5097278,DSCT,2.0,
556,5105754,GDORA,,
557,5107801,GDORA,,
558,5108514,DSCT,1.0,
559,5110038,GDORM,2.0,
560,5111801,GDORS,,
561,5112705,DSCT,,
562,5113557,DSCT,1.0,
563,5113797,GDORS/ROT,,1.0
564,5113797,GDORS/ROT,,1.0
565,5115637,GDORM,,1.0
566,5115637,GDORM,,1.0
567,5115778,GDORM,,
568,5119143,DSCT,1.0,
569,5120165,DSCT,1.0,
570,5123889,DSCT,1.0,1.0
571,5125048,DSCT,1.0,
572,5130650,DSCT/ROT,1.0,
573,5130890,GDORS,,
574,5166960,DSCT/ROT,1.0,
575,5168634,DSCT,1.0,
576,5174492,DSCT,1.0,
577,5174920,DSCT/ROT,1.0,
578,5176531,DSCT,1.0,
579,5177020,DSCT,1.0,
580,5179602,GDORS,,1.0
581,5179602,GDORS,,1.0
582,5179979,DSCT,1.0,
583,5180796,DSCT,1.0,
584,5196787,DSCT,1.0,1.0
585,5196851,DSCT,1.0,
586,5197256,DSCT/ROT,,
587,5198337,DSCT,,
588,5200084,DSCT/ROT,1.0,
589,5200521,DSCT,,
590,5202905,DSCT,1.0,
591,5206767,DSCT/ROT,1.0,
592,5207238,GDORM,2.0,
593,5209712,DSCT,1.0,
594,5209910,DSCT,1.0,
595,5210153,GDORM,,1.0
596,5210153,GDORM,,1.0
597,5212696,DSCT,1.0,
598,5213157,GDORM,,
599,5213221,GDORS,2.0,1.0
600,5219533,DSCT,1.0,1.0
601,5220979,DSCT,1.0,1.0
602,5253740,DSCT,1.0,1.0
603,5253740,DSCT,1.0,1.0
604,5256372,GDORS,,
605,5265699,DSCT,,
606,5267421,GDORA/ROT,,1.0
607,5267867,DSCT,1.0,
608,5271224,DSCT/ROT,1.0,1.0
609,5271803,GDORS,,1.0
610,5272524,GDORS,,1.0
611,5272590,DSCT/ROT,1.0,
612,5272673,DSCT,1.0,
613,5273625,GDORM,,
614,5281281,DSCT,1.0,
615,5286045,GDORM/EB,,
616,5287619,DSCT,1.0,
617,5288937,DSCT,2.0,
618,5294571,GDORS,,1.0
619,5294571,GDORS,,1.0
620,5294571,GDORS,,1.0
621,5295005,DSCT,1.0,
622,5295234,DSCT/ROT,1.0,
623,5297343,DSCT,1.0,
624,5297681,DSCT,1.0,
625,5298466,DSCT,1.0,
626,5299904,DSCT,1.0,
627,5300094,GDORS,,1.0
628,5300094,GDORS,,1.0
629,5301101,DSCT,1.0,
630,5301537,GDORS,,1.0
631,5301537,GDORS,,1.0
632,5302006,DSCT/EB,,
633,5304184,DSCT,1.0,
634,5304819,DSCT,1.0,
635,5305709,DSCT,1.0,
636,5305977,DSCT/ROT,1.0,
637,5307638,GDORS,,
638,5308052,DSCT,1.0,
639,5309547,DSCT/ROT,1.0,
640,5309849,GDORS,1.0,
641,5310172,DSCT,1.0,
642,5350598,GDORS,,
643,5355850,DSCT/ROT,1.0,
644,5356349,DSCT,1.0,
645,5356665,DSCT/ROT,1.0,
646,5358323,DSCT/ROT,1.0,
647,5370431,GDORS,,1.0
648,5370646,DSCT,1.0,
649,5371747,GDORM,,
650,5372077,GDORM,,
651,5372348,GDORM,,
652,5373377,DSCT/ROT,1.0,
653,5374279,GDORS,,1.0
654,5376614,DSCT/ROT,1.0,
655,5381448,DSCT,1.0,
656,5382589,GDORM,,
657,5384653,DSCT,1.0,
658,5385469,DSCT/ROT,1.0,
659,5389234,DSCT,1.0,
660,5389856,DSCT/ROT,1.0,
661,5390069,DSCT,1.0,
662,5390694,GDORS,,1.0
663,5390733,GDORM,,
664,5390878,GDORA,,
665,5391059,GDORS,,1.0
666,5391059,GDORS,,1.0
667,5391338,DSCT,1.0,
668,5391416,DSCT,1.0,
669,5392089,GDORS,,1.0
670,5393589,DSCT,1.0,
671,5394574,DSCT/ROT,1.0,
672,5395139,GDORS,,1.0
673,5396265,DSCT/ROT,1.0,
674,5428254,DSCT,1.0,
675,5429163,GDORS,1.0,
676,5430471,DSCT,1.0,
677,5435620,DSCT,1.0,
678,5437206,DSCT,1.0,
679,5440852,DSCT/ROT,1.0,
680,5443410,DSCT,1.0,
681,5444254,DSCT/ROT,1.0,
682,5446372,DSCT,,
683,5450166,GDORA,,
684,5450503,GDORS,,1.0
685,5458428,GDORM,,
686,5459805,DSCT,1.0,1.0
687,5459805,DSCT,1.0,1.0
688,5459805,DSCT,1.0,1.0
689,5459908,DSCT,1.0,
690,5460604,GDORS,,
691,5461501,DSCT/ROT,1.0,
692,5462692,DSCT,1.0,
693,5466537,DSCT,1.0,
694,5467531,GDORS,,
695,5471415,DSCT/EB,1.0,
696,5473171,DSCT,1.0,
697,5474424,DSCT,1.0,
698,5474427,DSCT,1.0,
699,5475187,DSCT,1.0,1.0
700,5475668,DSCT,1.0,
701,5476273,DSCT,1.0,
702,5476299,GDORS,,1.0
703,5476299,GDORS,,1.0
704,5476448,GDORA,,
705,5476495,DSCT/ROT,1.0,
706,5476854,DSCT,1.0,1.0
707,5476854,DSCT,1.0,1.0
708,5476864,DSCT,1.0,1.0
709,5480114,DSCT/ROT,,
710,5480730,DSCT,1.0,
711,5481781,GDORM,,
712,5482030,DSCT,1.0,
713,5511363,DSCT,1.0,
714,5511537,DSCT/ROT,1.0,
715,5514283,GDORS/ROT?,,
716,5530437,GDORM/ROT,,
717,5530816,GDORS,,1.0
718,5530816,GDORS,,1.0
719,5530816,GDORS,,1.0
720,5535792,GDORM,,
721,5537188,GDORA,,
722,5537236,DSCT/ROT,1.0,
723,5541836,DSCT,1.0,
724,5542211,DSCT,1.0,
725,5544958,DSCT,1.0,
726,5544996,GDORM,,1.0
727,5544996,GDORM,,1.0
728,5545566,DSCT,1.0,
729,5545866,GDORA/ROT,,
730,5546767,GDORM,,
731,5550692,GDORM,,
732,5551220,DSCT,1.0,
733,5551625,DSCT,1.0,
734,5551920,DSCT,,
735,5552808,DSCT,1.0,
736,5554685,DSCT,1.0,
737,5556255,DSCT,,
738,5557072,DSCT,1.0,1.0
739,5557072,DSCT,1.0,1.0
740,5557072,DSCT,1.0,1.0
741,5560556,DSCT,1.0,
742,5561316,DSCT,1.0,
743,5561905,GDORM,,
744,5564600,DSCT,1.0,
745,5565700,GDORA,,
746,5566536,DSCT,1.0,
747,5567499,DSCT,1.0,
748,5603049,DSCT,1.0,
749,5608334,GDORS,2.0,1.0
750,5611160,DSCT,1.0,
751,5613879,DSCT,1.0,
752,5615987,GDORM,,
753,5617102,DSCT,1.0,1.0
754,5617259,DSCT,1.0,
755,5617488,DSCT,1.0,
756,5617535,GDORM,2.0,
757,5618126,DSCT,1.0,
758,5620305,DSCT,,
759,5631648,DSCT/ROT,1.0,
760,5632093,DSCT,1.0,
761,5632197,DSCT/ROT,1.0,
762,5632912,DSCT,1.0,
763,5636882,DSCT,1.0,
764,5640438,GDORS,,1.0
765,5640438,GDORS,,1.0
766,5641605,DSCT/ROT,1.0,
767,5641711,DSCT,1.0,
768,5643103,DSCT/MAIA,,
769,5645788,DSCT,1.0,
770,5645888,DSCT,1.0,
771,5647010,DSCT,1.0,
772,5647514,DSCT/ROT,1.0,
773,5648096,DSCT,1.0,
774,5648562,GDORM,1.0,1.0
775,5649177,DSCT,1.0,
776,5649964,DSCT,1.0,
777,5650699,GDORM,,
778,5651181,DSCT,1.0,
779,5651327,DSCT,1.0,
780,5652678,GDORS,,1.0
781,5654067,GDORA,,
782,5682485,GDORM,,
783,5705411,DSCT,1.0,
784,5705575,DSCT,1.0,
785,5706988,GDORA,,
786,5707999,DSCT,2.0,
787,5708550,GDORA,,1.0
788,5708550,GDORA,,1.0
789,5709664,DSCT/ROT,1.0,
790,5717140,DSCT,1.0,
791,5721628,DSCT,1.0,
792,5721632,GDORS,,1.0
793,5721632,GDORS,,1.0
794,5721632,GDORS,,1.0
795,5722346,DSCT,1.0,
796,5722895,GDORM,,
797,5723310,DSCT,1.0,
798,5724440,DSCT,1.0,
799,5724523,DSCT,1.0,
800,5724810,DSCT,1.0,
801,5724811,DSCT,,
802,5725809,DSCT/ROT,1.0,
803,5726667,DSCT,1.0,
804,5727773,DSCT,1.0,
805,5728217,DSCT,1.0,
806,5728843,DSCT,1.0,
807,5729291,GDORS,,
808,5730867,GDORM,2.0,
809,5733154,DSCT/HRTB,,
810,5734003,DSCT,1.0,
811,5735248,DSCT,1.0,
812,5737687,DSCT,1.0,
813,5738127,DSCT,1.0,
814,5768203,DSCT/ROT,1.0,
815,5774557,DSCT,1.0,
816,5775232,DSCT,1.0,
817,5781077,GDORS,,1.0
818,5781774,DSCT,1.0,
819,5781841,GDORM,,
820,5783203,DSCT,1.0,
821,5785707,DSCT,1.0,
822,5786376,DSCT,1.0,
823,5788623,GDORA/ROT,,1.0
824,5791786,DSCT,1.0,
825,5792656,GDORS,,
826,5794197,GDORM,2.0,
827,5801556,GDORS,,1.0
828,5801556,GDORS,,1.0
829,5801556,GDORS,,1.0
830,5801675,GDORM,,
831,5802479,DSCT,1.0,
832,5806877,DSCT,1.0,
833,5807415,DSCT,1.0,
834,5808231,DSCT,1.0,
835,5810113,DSCT/ROT,,
836,5810197,GDORS,,1.0
837,5810197,GDORS,,1.0
838,5811357,DSCT/ROT,1.0,
839,5811454,DSCT,1.0,1.0
840,5819178,DSCT,1.0,
841,5820612,GDORA,,
842,5823159,DSCT,1.0,
843,5856730,DSCT,1.0,
844,5857714,DSCT,1.0,
845,5857836,GDORS,,
846,5866555,DSCT,1.0,
847,5872733,GDORS,,1.0
848,5872972,DSCT,1.0,
849,5873209,GDORM,,
850,5876187,GDORS,,1.0
851,5876187,GDORS,,1.0
852,5876187,GDORS,,1.0
853,5877758,GDORS,,
854,5879187,DSCT/ROT,1.0,
855,5879641,GDORS,,1.0
856,5880352,DSCT/ROT,1.0,
857,5881108,DSCT,1.0,
858,5882306,GDORS,,
859,5887983,GDORS,,1.0
860,5891196,DSCT/ROT,1.0,
861,5891708,GDORM,,
862,5891975,DSCT,1.0,1.0
863,5892660,DSCT,,
864,5892969,DSCT,1.0,
865,5893839,GDORS/SOLR?,,
866,5894044,GDORS,,1.0
867,5895238,GDORS,,
868,5895647,DSCT/ROT,1.0,
869,5898780,DSCT/ROT,1.0,
870,5900574,DSCT/ROT,,
871,5904699,DSCT,1.0,
872,5904928,DSCT,1.0,
873,5908086,GDORM,,
874,5940273,DSCT,1.0,
875,5954264,GDORS,1.0,1.0
876,5954264,GDORS,1.0,1.0
877,5956305,GDORS/GDORA,,
878,5960484,GDORM,,
879,5960899,DSCT,1.0,
880,5964069,DSCT/ROT,1.0,
881,5964173,DSCT,1.0,
882,5964794,DSCT/ROT,,
883,5965837,GDORS,1.0,
884,5976681,DSCT,1.0,
885,5977646,GDORA,,
886,5977984,DSCT,1.0,
887,5980555,DSCT,1.0,
888,5982378,DSCT,1.0,
889,5985441,GDORM,,1.0
890,5985441,GDORM,,1.0
891,5988140,DSCT/ROT,1.0,
892,5989856,DSCT/ROT,1.0,
893,5990915,GDORS,,
894,5991936,DSCT,,
895,6032172,DSCT,1.0,
896,6032730,DSCT,1.0,
897,6033197,DSCT,1.0,
898,6035335,GDORS,2.0,1.0
899,6035335,GDORS,2.0,1.0
900,6035618,GDORA/ROT,,
901,6041680,DSCT/ROT,1.0,
902,6041803,GDORS,,1.0
903,6041803,GDORS,,1.0
904,6044597,GDORS,,1.0
905,6048255,GDORS,,1.0
906,6048255,GDORS,,1.0
907,6048876,DSCT,,
908,6057401,DSCT,1.0,
909,6058006,DSCT,1.0,
910,6058830,GDORS,,1.0
911,6058830,GDORS,,1.0
912,6060277,DSCT,1.0,
913,6060309,DSCT/MAIA/ROT,,
914,6060355,DSCT/ROT,,
915,6061584,DSCT,1.0,
916,6062766,GDORS,2.0,1.0
917,6062766,GDORS,2.0,1.0
918,6065651,DSCT,1.0,
919,6067707,DSCT/ROT,2.0,1.0
920,6067817,DSCT,1.0,
921,6070416,GDORA,,
922,6110119,GDORS,,
923,6113864,DSCT,1.0,
924,6114387,GDORM,,
925,6115466,DSCT,1.0,
926,6123324,DSCT,1.0,
927,6126855,GDORM,,
928,6127239,DSCT,1.0,
929,6130500,DSCT,1.0,
930,6139591,DSCT,1.0,
931,6140015,GDORS,,
932,6141372,DSCT/ROT,1.0,
933,6142919,DSCT,1.0,
934,6153233,DSCT,1.0,
935,6184298,DSCT,1.0,
936,6187665,DSCT,,
937,6199731,DSCT,1.0,
938,6206125,DSCT/EB,1.0,
939,6206627,DSCT/ROT,1.0,
940,6207355,GDORA,,1.0
941,6209293,DSCT/ROT,1.0,
942,6220010,DSCT,1.0,
943,6224312,DSCT,1.0,
944,6226293,DSCT,1.0,
945,6227118,DSCT,1.0,
946,6228306,DSCT,1.0,
947,6228371,DSCT,1.0,
948,6229130,DSCT,1.0,
949,6229502,DSCT,1.0,1.0
950,6229965,GDORA,,1.0
951,6230921,DSCT,1.0,1.0
952,6230921,DSCT,1.0,1.0
953,6231451,DSCT,1.0,
954,6262882,DSCT/ROT,,
955,6266750,DSCT,1.0,
956,6268890,DSCT/ROT,1.0,
957,6279848,DSCT,1.0,
958,6280902,DSCT/ROT,1.0,
959,6280952,DSCT,1.0,
960,6284209,GDORS,,1.0
961,6284363,DSCT,1.0,
962,6286468,GDORA,,1.0
963,6287172,DSCT/ROT,,
964,6289468,DSCT/ROT,1.0,
965,6290382,GDORM,,1.0
966,6290411,DSCT,1.0,
967,6290648,DSCT,1.0,
968,6292398,GDORM/EB,,1.0
969,6292398,GDORM/EB,,1.0
970,6293045,GDORS,,1.0
971,6293266,DSCT/EB,1.0,
972,6294018,GDORM,,
973,6294889,DSCT,1.0,
974,6301132,DSCT,1.0,
975,6301745,GDORS/ROT,2.0,1.0
976,6301745,GDORS/ROT,2.0,1.0
977,6302589,DSCT,1.0,1.0
978,6302589,DSCT,1.0,1.0
979,6302589,DSCT,1.0,1.0
980,6302592,DSCT/EB,,
981,6302655,DSCT,1.0,
982,6308416,DSCT,1.0,
983,6310397,DSCT/ROT,,
984,6311564,DSCT,1.0,
985,6313843,GDORM,,
986,6314475,DSCT,1.0,
987,6346698,GDORM,,
988,6356928,DSCT,1.0,
989,6357795,DSCT/ROT,1.0,
990,6366512,GDORS,,1.0
991,6366512,GDORS,,1.0
992,6366617,DSCT,1.0,
993,6371322,GDORS,,
994,6372320,DSCT,1.0,
995,6381128,DSCT,1.0,
996,6381306,DSCT,1.0,
997,6381517,GDORM,,
998,6383932,GDORM,,1.0
999,6384854,DSCT,1.0,
1000,6385010,DSCT/ROT,,
1001,6385342,GDORS,,
1002,6387257,DSCT,1.0,
1003,6387770,GDORS,1.0,1.0
1004,6387770,GDORS,1.0,1.0
1005,6387895,GDORS,2.0,1.0
1006,6388333,DSCT,,
1007,6388443,DSCT,1.0,
1008,6389098,DSCT,1.0,1.0
1009,6390013,DSCT/ROT,1.0,
1010,6390243,DSCT,1.0,
1011,6421759,GDORM,,
1012,6428932,DSCT,1.0,
1013,6429742,DSCT,1.0,
1014,6432054,DSCT,1.0,
1015,6441436,DSCT,1.0,
1016,6441729,GDORM,,
1017,6443122,DSCT,1.0,
1018,6443536,GDORA,,
1019,6445116,GDORM,,
1020,6445601,DSCT/EB/ROT,1.0,
1021,6445969,GDORS,2.0,1.0
1022,6445969,GDORS,2.0,1.0
1023,6446951,DSCT,1.0,
1024,6448173,DSCT,1.0,
1025,6448362,DSCT,1.0,
1026,6448666,GDORS,2.0,1.0
1027,6449081,GDORA,1.0,1.0
1028,6451160,GDORS,,
1029,6451605,DSCT,1.0,
1030,6451876,DSCT,1.0,
1031,6462033,GDORM,,
1032,6462185,GDORM,,
1033,6463047,DSCT,1.0,
1034,6464938,DSCT,1.0,
1035,6467639,DSCT,1.0,1.0
1036,6467639,DSCT,1.0,1.0
1037,6467639,DSCT,1.0,1.0
1038,6467726,DSCT,1.0,
1039,6468146,GDORM,1.0,1.0
1040,6468987,GDORS,,1.0
1041,6468987,GDORS,,1.0
1042,6470922,GDORM,1.0,
1043,6470973,DSCT,1.0,1.0
1044,6497003,GDORA,1.0,
1045,6500578,GDORM,,
1046,6508203,DSCT,1.0,
1047,6508478,DSCT/EB,1.0,
1048,6509175,DSCT,1.0,
1049,6511019,DSCT/ROT,1.0,
1050,6511354,DSCT/ROT,1.0,
1051,6516825,GDORM,,
1052,6519869,GDORA,,1.0
1053,6520572,GDORS,,
1054,6520658,GDORM,,
1055,6520969,DSCT,1.0,
1056,6522144,DSCT,1.0,1.0
1057,6522179,DSCT,1.0,
1058,6522735,GDORS,,
1059,6523440,GDORS,,
1060,6531801,GDORS,,1.0
1061,6531801,GDORS,,1.0
1062,6532022,DSCT,1.0,
1063,6546327,DSCT,1.0,
1064,6548709,DSCT,1.0,
1065,6579643,DSCT,1.0,
1066,6584042,DSCT/ROT,,
1067,6586052,DSCT,1.0,
1068,6586055,GDORS,,
1069,6586333,DSCT,1.0,
1070,6587551,DSCT,1.0,
1071,6590403,DSCT,1.0,
1072,6593488,DSCT,1.0,
1073,6595315,DSCT,1.0,
1074,6595406,GDORM,2.0,1.0
1075,6595406,GDORM,2.0,1.0
1076,6604303,DSCT,1.0,1.0
1077,6606229,DSCT,1.0,
1078,6612114,GDORA,,
1079,6612353,DSCT/ROT,1.0,
1080,6613627,DSCT/ROT,,
1081,6614168,DSCT,1.0,1.0
1082,6621643,GDORS/ROT,,
1083,6629106,DSCT,1.0,
1084,6632945,GDORM,,
1085,6633452,DSCT/ROT,1.0,
1086,6635026,DSCT/ROT,1.0,
1087,6636041,DSCT,1.0,
1088,6668729,DSCT,1.0,
1089,6670742,DSCT,1.0,
1090,6670894,GDORM,,
1091,6671321,DSCT,,
1092,6675944,DSCT,1.0,
1093,6678614,DSCT/ROT,1.0,
1094,6681516,GDORA,,1.0
1095,6691244,DSCT,1.0,
1096,6696689,GDORA,,1.0
1097,6696689,GDORA,,1.0
1098,6697128,DSCT/ROT,1.0,
1099,6697609,DSCT,,
1100,6706038,DSCT,2.0,1.0
1101,6706038,DSCT,2.0,1.0
1102,6707493,DSCT/EB,1.0,
1103,6715331,GDORM,1.0,
1104,6716670,DSCT,1.0,
1105,6720889,DSCT,1.0,1.0
1106,6721523,GDORM,,
1107,6756386,DSCT,1.0,
1108,6756481,DSCT,1.0,
1109,6761539,DSCT,1.0,
1110,6762992,DSCT,1.0,1.0
1111,6776331,DSCT,1.0,
1112,6777127,DSCT/MAIA,,
1113,6777538,GDORM,,
1114,6777669,GDORS,,1.0
1115,6778063,DSCT/ROT,1.0,1.0
1116,6780873,DSCT,1.0,
1117,6782360,GDORA,,1.0
1118,6783879,DSCT,1.0,
1119,6784155,DSCT,1.0,1.0
1120,6784170,GDORS,,1.0
1121,6784170,GDORS,,1.0
1122,6790335,DSCT,1.0,
1123,6790408,GDORS,,1.0
1124,6792983,DSCT/ROT,1.0,
1125,6793409,DSCT,1.0,
1126,6804821,DSCT,1.0,
1127,6806005,GDORS,,1.0
1128,6806005,GDORS,,1.0
1129,6838565,GDORM,,
1130,6842139,DSCT,1.0,
1131,6844024,DSCT/ROT,1.0,
1132,6848661,DSCT,1.0,
1133,6854623,DSCT,1.0,
1134,6860968,DSCT,1.0,
1135,6862920,DSCT,1.0,1.0
1136,6862920,DSCT,1.0,1.0
1137,6862920,DSCT,1.0,1.0
1138,6864276,GDORS,,1.0
1139,6865077,DSCT,1.0,
1140,6869740,GDORS,2.0,
1141,6871350,GDORS,2.0,
1142,6871866,DSCT/ROT,1.0,
1143,6877258,GDORS,,1.0
1144,6877609,DSCT/ROT,1.0,
1145,6879594,DSCT,1.0,
1146,6891998,DSCT,1.0,1.0
1147,6922690,DSCT,1.0,
1148,6922830,DSCT,1.0,
1149,6923424,GDORS,2.0,1.0
1150,6923424,GDORS,2.0,1.0
1151,6923424,GDORS,2.0,1.0
1152,6937758,DSCT,1.0,
1153,6939203,DSCT,1.0,
1154,6939291,DSCT,1.0,
1155,6945362,GDORS,,1.0
1156,6945500,GDORM,,
1157,6946681,DSCT,1.0,
1158,6946831,GDORS,,
1159,6946871,GDORS,,
1160,6947064,DSCT,1.0,
1161,6947195,GDORA,,1.0
1162,6951231,DSCT,1.0,
1163,6951642,DSCT/ROT,1.0,
1164,6952097,DSCT/MAIA/ROT,,
1165,6952259,GDORS,2.0,1.0
1166,6952259,GDORS,2.0,1.0
1167,6953103,GDORS/EB,,1.0
1168,6961288,GDORS,,
1169,6964804,DSCT,1.0,
1170,6965782,DSCT,,
1171,6965789,DSCT,1.0,
1172,6967360,DSCT,1.0,
1173,6974111,DSCT,1.0,1.0
1174,6975466,DSCT,1.0,
1175,6976420,DSCT,,
1176,7007103,GDORS,,1.0
1177,7007103,GDORS,,1.0
1178,7020707,DSCT/ROT,1.0,
1179,7021890,DSCT,1.0,
1180,7025708,GDORA,,
1181,7032180,GDORS,,
1182,7035099,DSCT,1.0,
1183,7035179,DSCT,1.0,
1184,7035394,GDORS,,1.0
1185,7039007,GDORM,,1.0
1186,7039007,GDORM,,1.0
1187,7045605,DSCT/ROT,1.0,
1188,7045685,DSCT/ROT,1.0,
1189,7047356,DSCT,1.0,
1190,7047963,DSCT,1.0,
1191,7050100,GDORS,,
1192,7050378,GDORA,,1.0
1193,7052048,DSCT/ROT,1.0,
1194,7053456,GDORA,1.0,
1195,7059699,GDORS,2.0,1.0
1196,7060001,GDORS,,
1197,7060333,DSCT/EB,,
1198,7090563,GDORS,,
1199,7101676,DSCT,1.0,
1200,7106205,DSCT,1.0,
1201,7106648,GDORM,1.0,1.0
1202,7106877,DSCT,1.0,
1203,7108883,DSCT/SPB,,
1204,7109598,DSCT,1.0,
1205,7118167,DSCT,1.0,
1206,7119530,DSCT,1.0,
1207,7122746,DSCT,1.0,
1208,7124680,DSCT,1.0,
1209,7125970,DSCT,1.0,
1210,7137351,GDORA,,1.0
1211,7137351,GDORA,,1.0
1212,7137952,DSCT,1.0,
1213,7138415,DSCT,1.0,
1214,7138446,GDORM,,
1215,7173839,DSCT,1.0,
1216,7174372,DSCT/ROT,1.0,
1217,7175943,GDORS,,1.0
1218,7180968,GDORM,,
1219,7181066,DSCT/EB,1.0,
1220,7185924,GDORM,1.0,
1221,7202395,DSCT,1.0,1.0
1222,7202697,GDORS,,
1223,7204237,DSCT,1.0,
1224,7205868,GDORS,,1.0
1225,7207129,GDORA,,
1226,7207672,DSCT,1.0,
1227,7210948,GDORM,,
1228,7211759,DSCT,1.0,
1229,7211991,GDORS,,1.0
1230,7211991,GDORS,,1.0
1231,7212040,DSCT,1.0,
1232,7214475,DSCT,1.0,
1233,7215607,GDORS,,1.0
1234,7215607,GDORS,,1.0
1235,7217483,DSCT,1.0,
1236,7219251,DSCT/EB,1.0,
1237,7219502,DSCT,1.0,
1238,7221584,GDORS,,
1239,7265427,DSCT,1.0,
1240,7269623,GDORS,2.0,
1241,7283317,DSCT,1.0,
1242,7285845,GDORS/GDORA,,1.0
1243,7286276,GDORS,,1.0
1244,7287118,DSCT,1.0,
1245,7287165,GDORS,,1.0
1246,7287328,DSCT/ROT,1.0,
1247,7292935,GDORM/ROT,,
1248,7296877,GDORM,,
1249,7297189,DSCT/ROT,1.0,
1250,7299869,DSCT,1.0,
1251,7300184,DSCT,1.0,
1252,7300387,DSCT,1.0,
1253,7300623,DSCT/ROT,1.0,
1254,7301202,DSCT/ROT,,
1255,7301435,DSCT/EB,1.0,
1256,7301640,DSCT,1.0,
1257,7304385,GDORA,,
1258,7337049,DSCT/ROT,1.0,
1259,7337156,DSCT,1.0,
1260,7344999,GDORS,,1.0
1261,7347529,DSCT,1.0,
1262,7350486,DSCT/ROT,1.0,
1263,7352016,DSCT/ROT,1.0,
1264,7352425,DSCT,1.0,
1265,7352776,DSCT,1.0,
1266,7354213,GDORS/ROT,,
1267,7365537,GDORS,2.0,1.0
1268,7367559,GDORA,,
1269,7368590,DSCT,1.0,
1270,7368960,DSCT,1.0,
1271,7375612,DSCT,,
1272,7377489,GDORM,,
1273,7378020,DSCT,1.0,
1274,7378067,DSCT,1.0,
1275,7379646,GDORM,2.0,
1276,7380501,GDORS,,1.0
1277,7383764,GDORM,,
1278,7384711,DSCT,1.0,
1279,7385500,DSCT,1.0,
1280,7385783,GDORS,,1.0
1281,7386431,GDORM,,1.0
1282,7429212,GDORS?,,
1283,7430757,DSCT/ROT,1.0,
1284,7436266,GDORS,,1.0
1285,7436266,GDORS,,1.0
1286,7448050,GDORA,,1.0
1287,7449844,GDORA/EB,,
1288,7450284,DSCT,1.0,
1289,7454979,DSCT,1.0,
1290,7454990,DSCT,1.0,
1291,7455624,DSCT,1.0,
1292,7455752,GDORM,,1.0
1293,7455752,GDORM,,1.0
1294,7455914,GDORS,,
1295,7456441,DSCT,1.0,1.0
1296,7457355,DSCT/ROT,1.0,
1297,7458697,DSCT,1.0,
1298,7461354,GDORS/ROT,,
1299,7461607,DSCT,1.0,1.0
1300,7463044,DSCT,1.0,
1301,7465364,DSCT,1.0,
1302,7467518,DSCT,1.0,1.0
1303,7467539,DSCT,1.0,
1304,7468196,GDORA,,
1305,7499407,GDORS,2.0,1.0
1306,7499407,GDORS,2.0,1.0
1307,7502559,DSCT,1.0,
1308,7515679,GDORS/EB,,
1309,7522572,DSCT/ROT,1.0,
1310,7532891,DSCT,1.0,
1311,7533425,DSCT,1.0,
1312,7533694,DSCT/ROT,1.0,
1313,7538181,GDORA,,1.0
1314,7538181,GDORA,,1.0
1315,7538950,DSCT,1.0,
1316,7547306,DSCT,1.0,
1317,7547573,DSCT,1.0,
1318,7548259,DSCT,1.0,
1319,7548479,DSCT,1.0,
1320,7549852,DSCT,1.0,1.0
1321,7551637,DSCT/ROT,1.0,
1322,7551993,DSCT,1.0,
1323,7553237,DSCT,1.0,
1324,7581697,GDORA,,
1325,7583208,DSCT,1.0,
1326,7583437,GDORM,1.0,
1327,7583663,GDORA,,1.0
1328,7583663,GDORA,,1.0
1329,7583939,DSCT,1.0,
1330,7585445,DSCT,1.0,
1331,7596250,GDORS/GDORA,,1.0
1332,7596250,GDORS/GDORA,,1.0
1333,7596741,GDORS,,
1334,7597150,GDORS,,1.0
1335,7597150,GDORS,,1.0
1336,7597269,GDORA,,1.0
1337,7598492,DSCT,1.0,
1338,7602453,GDORA,,
1339,7604266,DSCT,1.0,
1340,7605152,DSCT,1.0,
1341,7605527,DSCT,1.0,
1342,7616710,GDORS/ROT,,
1343,7617709,GDORS,,1.0
1344,7618364,DSCT/EB,1.0,
1345,7620654,GDORS,2.0,1.0
1346,7621759,DSCT,1.0,
1347,7624753,DSCT,1.0,
1348,7626595,DSCT,1.0,
1349,7627570,DSCT/ROT,1.0,
1350,7661054,GDORS,,1.0
1351,7661054,GDORS,,1.0
1352,7661500,GDORS/ROT,,
1353,7662402,GDORM,1.0,
1354,7668791,DSCT,1.0,
1355,7672492,GDORA,,1.0
1356,7676610,DSCT/ROT,,
1357,7678099,GDORM,,
1358,7678385,DSCT,1.0,
1359,7685307,DSCT,1.0,
1360,7687374,DSCT/ROT,1.0,
1361,7691445,DSCT,1.0,
1362,7691618,GDORS,,
1363,7694191,GDORS,2.0,1.0
1364,7694191,GDORS,2.0,1.0
1365,7697795,DSCT,1.0,
1366,7697861,GDORS,,1.0
1367,7697861,GDORS,,1.0
1368,7698937,GDORM,,1.0
1369,7698937,GDORM,,1.0
1370,7699056,DSCT,1.0,
1371,7699276,DSCT/ROT,1.0,
1372,7699478,GDORS,,1.0
1373,7699478,GDORS,,1.0
1374,7700880,GDORM,,
1375,7700963,DSCT,1.0,
1376,7701947,GDORM,,1.0
1377,7701947,GDORM,,1.0
1378,7702705,DSCT,1.0,
1379,7708315,DSCT,1.0,
1380,7731467,GDORS/GDORA,1.0,
1381,7732458,DSCT,1.0,
1382,7742739,GDORM,,
1383,7744087,GDORM,,
1384,7748238,DSCT,1.0,1.0
1385,7749552,DSCT,1.0,
1386,7755932,DSCT/ROT,1.0,
1387,7756853,DSCT/ROT,1.0,
1388,7758029,GDORM,,
1389,7761855,DSCT,1.0,1.0
1390,7765585,DSCT,1.0,
1391,7765684,DSCT,1.0,
1392,7767690,DSCT,,
1393,7767699,DSCT,1.0,
1394,7770256,DSCT,1.0,
1395,7770282,GDORA,1.0,1.0
1396,7771991,DSCT,1.0,
1397,7773133,DSCT,1.0,
1398,7777435,DSCT,1.0,
1399,7778114,GDORS,,1.0
1400,7778114,GDORS,,1.0
1401,7778826,GDORS,2.0,1.0
1402,7778826,GDORS,2.0,1.0
1403,7778980,DSCT,1.0,
1404,7779942,DSCT/ROT,1.0,
1405,7798339,GDORS,,
1406,7798924,GDORS,2.0,
1407,7815609,GDORS,,
1408,7818940,GDORS,,
1409,7819024,DSCT,1.0,
1410,7827131,DSCT,,
1411,7830684,DSCT,1.0,
1412,7831302,DSCT/ROT,1.0,
1413,7834612,DSCT,1.0,
1414,7834979,GDORA,,
1415,7836868,GDORM,1.0,
1416,7838383,GDORA,1.0,
1417,7838889,DSCT,1.0,
1418,7838908,DSCT,1.0,
1419,7839003,GDORM,,
1420,7840642,GDORS,,1.0
1421,7841434,DSCT/ROT,1.0,
1422,7842286,DSCT,1.0,
1423,7842328,DSCT/ROT,1.0,
1424,7842621,DSCT,1.0,
1425,7848288,DSCT/ROT,,
1426,7848303,DSCT,1.0,
1427,7848324,GDORM,,
1428,7878789,DSCT/ROT,1.0,
1429,7881722,DSCT/HRTB,,
1430,7881851,DSCT,1.0,
1431,7889855,GDORS,,
1432,7890222,DSCT,1.0,
1433,7890526,GDORM,2.0,
1434,7899980,DSCT/EB,1.0,
1435,7900367,DSCT,1.0,
1436,7901718,DSCT,1.0,
1437,7902035,DSCT,1.0,
1438,7902286,DSCT,,1.0
1439,7902286,DSCT,,1.0
1440,7908633,DSCT,1.0,
1441,7909392,DSCT,1.0,
1442,7914906,DSCT/HRTB,,
1443,7915386,DSCT,1.0,
1444,7915458,DSCT,1.0,
1445,7915515,DSCT/EB,1.0,
1446,7917014,DSCT,1.0,
1447,7917485,DSCT,1.0,
1448,7918653,DSCT/ROT,,
1449,7918688,DSCT/ROT,1.0,
1450,7918737,DSCT,1.0,
1451,7937475,GDORA,,
1452,7938179,DSCT,1.0,
1453,7939065,GDORS,1.0,1.0
1454,7953880,DSCT,1.0,
1455,7955898,DSCT,1.0,
1456,7956547,GDORM,2.0,1.0
1457,7959867,DSCT,1.0,
1458,7959886,DSCT/ROT,1.0,
1459,7967293,DSCT,1.0,
1460,7973199,DSCT,1.0,
1461,7973867,GDORS/ROT,,
1462,7974032,DSCT,1.0,
1463,7975162,GDORM,1.0,
1464,7976783,DSCT,,
1465,7977047,GDORS,2.0,
1466,7977163,GDORA,,
1467,7977198,DSCT,1.0,
1468,7977956,DSCT,1.0,
1469,7977996,DSCT,1.0,1.0
1470,7979504,DSCT,1.0,
1471,7984890,GDORS,,1.0
1472,7986166,DSCT,1.0,
1473,8004558,DSCT,1.0,
1474,8027456,DSCT,1.0,
1475,8028063,GDORM,,
1476,8029546,DSCT,1.0,1.0
1477,8038609,DSCT/ROT,1.0,
1478,8038679,DSCT/ROT,1.0,
1479,8041249,GDORA,,
1480,8041675,DSCT,1.0,
1481,8043436,DSCT,1.0,
1482,8045121,DSCT,,
1483,8046010,DSCT,1.0,
1484,8046934,DSCT,1.0,
1485,8052353,DSCT/EB,1.0,
1486,8054146,DSCT/ROT,1.0,
1487,8056319,DSCT,,
1488,8058127,DSCT,1.0,
1489,8058269,GDORS,,
1490,8082478,DSCT,,
1491,8085273,DSCT,1.0,
1492,8087018,DSCT,1.0,1.0
1493,8092865,DSCT,1.0,
1494,8092957,GDORM,,
1495,8098120,DSCT,1.0,
1496,8103917,DSCT,1.0,
1497,8104065,GDORS,,1.0
1498,8104065,GDORS,,1.0
1499,8104598,DSCT,1.0,
1500,8106371,DSCT/ROT,1.0,
1501,8108099,GDORS,,
1502,8109934,DSCT/EB,,
1503,8110123,GDORA,,1.0
1504,8112584,GDORS,,
1505,8113154,DSCT/EB,,
1506,8113425,GDORA,,
1507,8120184,DSCT,1.0,
1508,8121586,DSCT,1.0,
1509,8122232,DSCT,1.0,1.0
1510,8122433,DSCT/ROT,1.0,
1511,8123127,GDORM,1.0,1.0
1512,8123197,DSCT,1.0,
1513,8123377,DSCT,1.0,
1514,8123645,DSCT,1.0,1.0
1515,8125219,DSCT,1.0,
1516,8125339,GDORA,2.0,1.0
1517,8126422,DSCT/ROT,1.0,
1518,8127448,GDORM,1.0,1.0
1519,8127495,GDORA,,
1520,8127684,DSCT,1.0,
1521,8129588,DSCT,1.0,
1522,8149341,DSCT,1.0,
1523,8153747,DSCT/EB,1.0,
1524,8154223,GDORM,2.0,
1525,8164737,GDORA,,
1526,8173017,DSCT,1.0,1.0
1527,8174267,DSCT/ROT,1.0,
1528,8174306,DSCT,1.0,
1529,8175177,DSCT/ROT,1.0,
1530,8175399,GDORS,,1.0
1531,8177179,DSCT,1.0,
1532,8177748,DSCT/ROT,1.0,
1533,8178778,GDORS,2.0,1.0
1534,8178778,GDORS,2.0,1.0
1535,8180062,GDORS,,1.0
1536,8180062,GDORS,,1.0
1537,8180361,GDORA/EB,,
1538,8181880,DSCT/ROT,1.0,
1539,8187917,DSCT/ROT,1.0,
1540,8191602,DSCT,1.0,
1541,8191611,DSCT,1.0,
1542,8194874,DSCT,1.0,
1543,8196006,DSCT/ROT,1.0,
1544,8196181,GDORS,,1.0
1545,8196381,DSCT/ROT,1.0,
1546,8196777,DSCT,,
1547,8196840,DSCT,1.0,
1548,8196903,DSCT,1.0,
1549,8196911,DSCT/ROT,1.0,
1550,8197019,GDORS,2.0,1.0
1551,8197220,DSCT,1.0,
1552,8197355,DSCT,1.0,
1553,8197406,GDORS/EB,,1.0
1554,8197653,DSCT,1.0,
1555,8197761,GDORS,,1.0
1556,8197761,GDORS,,1.0
1557,8197761,GDORS,,1.0
1558,8197788,DSCT,1.0,
1559,8198031,GDORS,2.0,1.0
1560,8198031,GDORS,2.0,1.0
1561,8222685,GDORA,,
1562,8230025,DSCT,1.0,
1563,8231370,GDORS,,1.0
1564,8231370,GDORS,,1.0
1565,8231525,GDORS,2.0,1.0
1566,8233072,DSCT,1.0,
1567,8236479,DSCT/ROT,1.0,
1568,8240902,GDORM,,1.0
1569,8243158,GDORM,,1.0
1570,8244757,DSCT,1.0,
1571,8244758,DSCT/ROT,1.0,
1572,8245366,DSCT,1.0,
1573,8246833,DSCT,1.0,
1574,8247116,DSCT,1.0,
1575,8247543,DSCT,1.0,
1576,8247608,GDORA,,
1577,8248182,DSCT,1.0,
1578,8248630,DSCT,1.0,
1579,8255272,DSCT,1.0,
1580,8256643,DSCT,1.0,
1581,8259061,DSCT,1.0,1.0
1582,8259177,DSCT,1.0,
1583,8260818,GDORS,,1.0
1584,8260818,GDORS,,1.0
1585,8261157,DSCT/ROT,1.0,
1586,8263970,GDORS,2.0,1.0
1587,8263970,GDORS,2.0,1.0
1588,8264037,DSCT,1.0,
1589,8264061,GDORA,,
1590,8264075,GDORM,2.0,
1591,8264254,GDORS,,
1592,8264274,GDORM,2.0,
1593,8264287,GDORM,,
1594,8264304,GDORS,,1.0
1595,8264304,GDORS,,1.0
1596,8264404,DSCT,1.0,
1597,8264419,DSCT,,
1598,8264490,DSCT/EB,1.0,
1599,8264492,DSCT,1.0,
1600,8264494,DSCT,1.0,
1601,8264543,DSCT,1.0,
1602,8264546,DSCT,1.0,
1603,8264550,GDORS,1.0,1.0
1604,8264565,GDORS,,
1605,8264583,DSCT,2.0,
1606,8264588,DSCT,1.0,
1607,8264617,GDORA,,
1608,8264623,DSCT,1.0,
1609,8264657,DSCT/ROT,,
1610,8264667,GDORM,,1.0
1611,8264674,DSCT,1.0,
1612,8264698,DSCT,1.0,
1613,8264720,GDORS,,1.0
1614,8264949,DSCT,1.0,
1615,8264972,DSCT,,
1616,8265022,DSCT/ROT,1.0,
1617,8265082,GDORM,,
1618,8265126,GDORS,2.0,1.0
1619,8265126,GDORS,2.0,1.0
1620,8265377,DSCT/ROT,1.0,
1621,8282338,DSCT/EB,1.0,
1622,8292150,DSCT,1.0,
1623,8293692,GDORS,,1.0
1624,8293692,GDORS,,1.0
1625,8299332,DSCT,1.0,
1626,8308688,DSCT,1.0,
1627,8310243,DSCT,1.0,
1628,8311110,DSCT,1.0,
1629,8311304,DSCT,1.0,
1630,8314525,DSCT,1.0,
1631,8316105,GDORS,,1.0
1632,8316105,GDORS,,1.0
1633,8316195,DSCT/EB,1.0,
1634,8321101,DSCT?,,
1635,8321604,DSCT/ROT,1.0,
1636,8321903,GDORS,,1.0
1637,8322243,DSCT,1.0,
1638,8322861,DSCT,1.0,
1639,8324482,GDORM,,
1640,8326356,GDORS,1.0,1.0
1641,8328005,GDORS,,1.0
1642,8328005,GDORS,,1.0
1643,8329629,DSCT,1.0,
1644,8330056,GDORS,,1.0
1645,8330056,GDORS,,1.0
1646,8330102,DSCT/EB,1.0,
1647,8330222,GDORS,,1.0
1648,8330312,GDORS,,1.0
1649,8330312,GDORS,,1.0
1650,8330712,DSCT,1.0,
1651,8330740,DSCT/ROT,1.0,
1652,8330778,DSCT/ROT,1.0,
1653,8330790,DSCT,1.0,
1654,8330895,DSCT,1.0,
1655,8330910,DSCT/ROT,1.0,
1656,8331919,DSCT,1.0,
1657,8332664,GDORA,1.0,
1658,8345453,DSCT,1.0,
1659,8346686,DSCT,1.0,
1660,8351778,GDORS,1.0,1.0
1661,8351778,GDORS,1.0,1.0
1662,8351778,GDORS,1.0,1.0
1663,8352420,DSCT,1.0,
1664,8352439,GDORS,,1.0
1665,8355130,GDORS,,1.0
1666,8357961,DSCT/ROT,1.0,
1667,8358656,GDORS,,
1668,8359671,DSCT,1.0,
1669,8361174,GDORS,,
1670,8362899,DSCT,1.0,
1671,8364249,GDORS,,1.0
1672,8376471,DSCT,1.0,
1673,8377511,DSCT,2.0,
1674,8378079,GDORS,,
1675,8380088,DSCT,2.0,
1676,8380389,DSCT,1.0,
1677,8382539,GDORS/GDORA,,1.0
1678,8386122,DSCT,1.0,
1679,8388610,DSCT,1.0,
1680,8389518,GDORS,,1.0
1681,8390631,GDORS,2.0,1.0
1682,8390631,GDORS,2.0,1.0
1683,8390921,GDORM,2.0,
1684,8391086,DSCT,1.0,
1685,8395203,DSCT,1.0,
1686,8396062,DSCT,1.0,
1687,8396249,GDORS,,
1688,8396259,DSCT,1.0,
1689,8396791,DSCT,1.0,
1690,8396901,DSCT,1.0,
1691,8397426,DSCT,1.0,
1692,8411693,GDORS,2.0,1.0
1693,8411693,GDORS,2.0,1.0
1694,8415752,DSCT,1.0,
1695,8420644,DSCT,1.0,
1696,8422756,GDORS,,
1697,8427895,DSCT,1.0,
1698,8429528,DSCT,2.0,
1699,8429634,DSCT/EB,1.0,
1700,8429756,DSCT/ROT,1.0,
1701,8430119,DSCT,2.0,
1702,8430210,DSCT/ROT,,
1703,8430954,GDORS,,
1704,8431006,GDORS,,
1705,8439566,DSCT,1.0,
1706,8443132,GDORS,,1.0
1707,8443132,GDORS,,1.0
1708,8443311,DSCT,1.0,
1709,8446738,DSCT,1.0,
1710,8450600,DSCT/ROT,1.0,
1711,8450921,GDORM,,
1712,8452639,DSCT,1.0,
1713,8453431,DSCT/EB,1.0,
1714,8453722,DSCT/ROT,1.0,
1715,8454553,DSCT,1.0,
1716,8456728,DSCT/ROT,,
1717,8456774,DSCT/HRTB,,
1718,8457452,GDORA,,
1719,8458690,DSCT/ROT,1.0,1.0
1720,8458690,DSCT/ROT,1.0,1.0
1721,8459354,DSCT/HRTB,,
1722,8460126,DSCT,1.0,
1723,8460683,DSCT,1.0,
1724,8460993,DSCT,1.0,
1725,8461125,DSCT,1.0,
1726,8461589,DSCT,1.0,
1727,8489712,GDORM,,
1728,8491816,DSCT,1.0,
1729,8495755,GDORS,,1.0
1730,8495755,GDORS,,1.0
1731,8496367,GDORM,,1.0
1732,8504544,DSCT,1.0,
1733,8506388,DSCT,1.0,
1734,8507325,DSCT,1.0,
1735,8510534,DSCT,1.0,
1736,8516008,DSCT,1.0,
1737,8516686,DSCT,1.0,
1738,8517859,DSCT,1.0,
1739,8520436,DSCT,1.0,
1740,8521020,GDORS,2.0,
1741,8523871,GDORM,,1.0
1742,8523871,GDORM,,1.0
1743,8524464,DSCT,1.0,
1744,8525286,DSCT,,
1745,8525691,GDORM,2.0,1.0
1746,8525805,GDORA,,
1747,8526451,DSCT,1.0,
1748,8542993,GDORS,,1.0
1749,8552907,DSCT/EB,1.0,
1750,8556233,DSCT,1.0,
1751,8557474,GDORS,,
1752,8559796,GDORS,,1.0
1753,8559796,GDORS,,1.0
1754,8560867,DSCT,1.0,
1755,8560996,DSCT/ROT,1.0,
1756,8563841,DSCT,1.0,
1757,8566113,DSCT,2.0,
1758,8566353,GDORS,,
1759,8569819,DSCT,,
1760,8570117,DSCT,1.0,
1761,8571022,DSCT/ROT,1.0,
1762,8571529,DSCT,1.0,
1763,8572324,DSCT,1.0,
1764,8574652,DSCT,1.0,
1765,8579615,DSCT,1.0,
1766,8580028,DSCT,1.0,
1767,8580228,DSCT,1.0,
1768,8583770,DSCT/MAIA/ROT,1.0,
1769,8589526,DSCT/EB,,
1770,8590553,DSCT,1.0,
1771,8608260,DSCT,1.0,
1772,8620684,DSCT/EB,1.0,
1773,8621095,DSCT,1.0,
1774,8623953,DSCT,1.0,
1775,8625580,DSCT,1.0,
1776,8626219,DSCT,1.0,
1777,8626462,DSCT/EB,1.0,
1778,8630712,GDORS,,1.0
1779,8639063,DSCT/ROT,1.0,
1780,8645874,DSCT,1.0,1.0
1781,8648356,DSCT,,
1782,8650712,DSCT,1.0,
1783,8650819,DSCT,1.0,
1784,8651452,GDORS,2.0,1.0
1785,8653563,DSCT,1.0,
1786,8654540,DSCT,1.0,
1787,8655712,DSCT,1.0,
1788,8656375,GDORS,,
1789,8677034,GDORM,,
1790,8686975,GDORS,,1.0
1791,8695156,DSCT,1.0,
1792,8712155,GDORS,,
1793,8712174,GDORA,,1.0
1794,8712760,DSCT,,
1795,8717065,DSCT,1.0,
1796,8717742,GDORS,,
1797,8718678,GDORS,2.0,1.0
1798,8719419,GDORA,,
1799,8738244,DSCT,1.0,
1800,8748251,GDORM,,
1801,8750029,DSCT/EB,1.0,
1802,8750446,DSCT,1.0,
1803,8751056,DSCT/ROT,1.0,
1804,8752359,DSCT,1.0,1.0
1805,8758366,DSCT,1.0,
1806,8761309,DSCT/ROT,1.0,
1807,8766611,GDORS,,
1808,8766619,DSCT,1.0,
1809,8772391,DSCT,1.0,
1810,8773961,DSCT,1.0,
1811,8778483,DSCT/ROT,1.0,
1812,8782561,DSCT,1.0,
1813,8782821,GDORS,,1.0
1814,8783270,DSCT,1.0,
1815,8816310,GDORS,,1.0
1816,8816310,GDORS,,1.0
1817,8816903,GDORA,,1.0
1818,8819284,DSCT,1.0,
1819,8826317,GDORM,,
1820,8826718,DSCT,1.0,
1821,8827572,GDORM,2.0,
1822,8827821,DSCT,1.0,
1823,8842494,DSCT,1.0,
1824,8845312,DSCT,1.0,
1825,8847349,DSCT/ROT,,
1826,8869302,GDORA,,1.0
1827,8869892,DSCT,1.0,
1828,8871304,GDORA,,1.0
1829,8871304,GDORA,,1.0
1830,8871304,GDORA,,1.0
1831,8879964,GDORS,,1.0
1832,8881697,DSCT,1.0,
1833,8890192,GDORA,,
1834,8893443,GDORS,,
1835,8894630,DSCT,,
1836,8904065,GDORS,,
1837,8906294,DSCT,1.0,
1838,8907618,DSCT,1.0,
1839,8912468,DSCT,,
1840,8912730,DSCT,1.0,
1841,8914322,DSCT,1.0,
1842,8914866,DSCT,1.0,
1843,8916266,DSCT,1.0,
1844,8933391,DSCT,1.0,
1845,8955867,GDORS,2.0,
1846,8959745,DSCT,1.0,
1847,8961823,GDORS,,
1848,8963002,DSCT,1.0,
1849,8964755,DSCT/ROT,1.0,
1850,8964935,DSCT,1.0,
1851,8972489,DSCT,1.0,
1852,8972966,DSCT,1.0,
1853,8973529,GDORS,,1.0
1854,8973529,GDORS,,1.0
1855,8973529,GDORS,,1.0
1856,8974140,DSCT,1.0,
1857,8975515,DSCT,1.0,1.0
1858,8975644,DSCT,1.0,
1859,8978630,DSCT,1.0,
1860,8979487,DSCT,1.0,
1861,8981568,DSCT/ROT,,
1862,9016344,GDORS,1.0,1.0
1863,9016467,DSCT?,2.0,
1864,9018502,GDORM,,
1865,9020157,GDORS,,
1866,9020199,DSCT,1.0,
1867,9026611,DSCT,1.0,
1868,9027328,GDORS/GDORA,,
1869,9027876,GDORM,,
1870,9028104,DSCT/ROT,1.0,
1871,9028154,DSCT,1.0,
1872,9031731,GDORS,,
1873,9033354,GDORS,,
1874,9045401,DSCT/ROT,,
1875,9050337,DSCT/EB,1.0,
1876,9051487,DSCT,1.0,
1877,9051902,DSCT,1.0,
1878,9052363,DSCT/ROT,,
1879,9054553,DSCT,1.0,
1880,9072011,DSCT,1.0,
1881,9073007,DSCT,1.0,
1882,9092529,GDORM,1.0,
1883,9092897,DSCT/ROT,1.0,
1884,9093266,DSCT,1.0,
1885,9093300,GDORS,,
1886,9094694,DSCT,1.0,
1887,9097423,DSCT,1.0,
1888,9098129,GDORA,,
1889,9099728,DSCT,1.0,
1890,9099846,GDORS,,
1891,9099927,GDORM/EB,,
1892,9108615,DSCT,1.0,
1893,9108841,DSCT/ROT,1.0,
1894,9111056,DSCT,1.0,
1895,9119402,GDORM,1.0,
1896,9137447,DSCT,1.0,
1897,9138872,DSCT,1.0,
1898,9143785,DSCT,1.0,
1899,9147229,GDORS,2.0,
1900,9149959,GDORS,,
1901,9150012,GDORS,,
1902,9152634,DSCT,1.0,
1903,9152994,GDORS,,
1904,9156808,DSCT,,
1905,9159978,GDORS,,
1906,9161894,GDORS,,
1907,9163221,GDORS,,
1908,9165393,DSCT,1.0,
1909,9166826,GDORS,,
1910,9171954,DSCT,1.0,
1911,9172627,DSCT/ROT,1.0,
1912,9172981,DSCT,1.0,
1913,9174121,DSCT,1.0,
1914,9178501,DSCT/ROT,1.0,
1915,9178502,DSCT,1.0,
1916,9180906,DSCT,1.0,
1917,9182854,GDORS,,1.0
1918,9201644,DSCT,1.0,
1919,9204718,DSCT/ROT,1.0,
1920,9207344,DSCT,1.0,
1921,9210037,DSCT,1.0,
1922,9222942,DSCT,1.0,
1923,9226081,DSCT,1.0,
1924,9226540,GDORA,,
1925,9227120,DSCT,1.0,
1926,9228115,DSCT,1.0,
1927,9229318,DSCT,1.0,
1928,9229342,DSCT,1.0,
1929,9238121,GDORS,,1.0
1930,9238121,GDORS,,1.0
1931,9239211,DSCT,1.0,
1932,9239681,DSCT,,
1933,9241509,DSCT,1.0,
1934,9242127,DSCT,1.0,
1935,9243464,DSCT,1.0,
1936,9243562,DSCT,1.0,
1937,9244992,DSCT,1.0,1.0
1938,9244992,DSCT,1.0,1.0
1939,9244992,DSCT,1.0,1.0
1940,9246481,DSCT,1.0,
1941,9265050,DSCT,1.0,
1942,9267042,DSCT,1.0,
1943,9268283,GDORS,,
1944,9283128,DSCT,1.0,
1945,9284099,GDORS,,
1946,9285587,DSCT,,
1947,9288151,DSCT,,
1948,9288175,DSCT/EB,,
1949,9291275,DSCT/EB,1.0,
1950,9291618,DSCT,1.0,
1951,9299980,DSCT/ROT,1.0,
1952,9300295,DSCT,1.0,
1953,9300507,GDORM,,
1954,9300946,GDORS,,
1955,9302543,DSCT,1.0,
1956,9303041,DSCT,1.0,
1957,9304409,DSCT/ROT,1.0,
1958,9304923,DSCT,1.0,
1959,9305574,DSCT,1.0,
1960,9305952,DSCT,1.0,
1961,9306095,DSCT,1.0,
1962,9308371,DSCT,,
1963,9324334,DSCT,1.0,
1964,9343993,GDORS,,
1965,9344493,GDORS,,1.0
1966,9344493,GDORS,,1.0
1967,9344493,GDORS,,1.0
1968,9344572,DSCT,1.0,
1969,9347095,DSCT,1.0,
1970,9349426,GDORA/ROT,,1.0
1971,9349426,GDORA/ROT,,1.0
1972,9350235,GDORS,,
1973,9350686,GDORS,,
1974,9351205,DSCT,1.0,
1975,9351622,DSCT,1.0,
1976,9353572,DSCT/ROT,1.0,
1977,9364192,DSCT/EB,1.0,
1978,9367382,DSCT,1.0,
1979,9368220,DSCT,1.0,
1980,9369547,DSCT,1.0,
1981,9388435,GDORM,2.0,
1982,9391395,DSCT,1.0,
1983,9392416,DSCT/ROT,1.0,
1984,9396399,GDORM,1.0,1.0
1985,9402693,DSCT,1.0,
1986,9408603,GDORS,,
1987,9408694,DSCT,1.0,
1988,9409239,GDORS,,1.0
1989,9409239,GDORS,,1.0
1990,9409239,GDORS,,1.0
1991,9410527,DSCT,1.0,
1992,9413057,DSCT,1.0,
1993,9413296,GDORS,,1.0
1994,9413296,GDORS,,1.0
1995,9415300,DSCT,1.0,
1996,9419182,GDORS,,1.0
1997,9419182,GDORS,,1.0
1998,9419182,GDORS,,1.0
1999,9419694,GDORA,,
2000,9425403,DSCT,1.0,
2001,9425897,DSCT/ROT,1.0,
2002,9426970,DSCT/ROT,,
2003,9428798,DSCT/ROT,1.0,
2004,9429060,DSCT,1.0,
2005,9450392,DSCT,1.0,
2006,9450940,DSCT,1.0,
2007,9453075,DSCT,1.0,
2008,9453452,DSCT,1.0,
2009,9456389,GDORS,,
2010,9456996,GDORA,,
2011,9463183,DSCT,1.0,
2012,9466030,DSCT,1.0,
2013,9468126,GDORS,,
2014,9469599,GDORA,,
2015,9470054,DSCT/ROT,,
2016,9471360,GDORS,,
2017,9471419,DSCT,2.0,
2018,9473000,DSCT/ROT,1.0,
2019,9480469,GDORA,,1.0
2020,9480469,GDORA,,1.0
2021,9480516,DSCT/EB,,
2022,9487871,DSCT/ROT,,
2023,9488426,DSCT,1.0,
2024,9488445,DSCT,1.0,
2025,9489590,DSCT,1.0,
2026,9489626,DSCT,1.0,
2027,9490042,GDORM,1.0,
2028,9490067,GDORS,1.0,1.0
2029,9490067,GDORS,1.0,1.0
2030,9509296,DSCT,1.0,
2031,9516796,DSCT,1.0,
2032,9529073,DSCT,,
2033,9532168,DSCT/ROT,1.0,
2034,9532644,DSCT,1.0,
2035,9532712,GDORA,,
2036,9533449,DSCT/ROT,1.0,
2037,9533483,GDORA,,
2038,9533489,DSCT,,1.0
2039,9536515,DSCT,1.0,
2040,9550886,DSCT/ROT,1.0,
2041,9551281,DSCT,1.0,
2042,9552411,GDORS,,
2043,9552758,DSCT,1.0,
2044,9573582,GDORS,,1.0
2045,9573582,GDORS,,1.0
2046,9573582,GDORS,,1.0
2047,9578461,DSCT,1.0,
2048,9579818,DSCT,1.0,1.0
2049,9580794,DSCT,1.0,
2050,9588232,GDORS,,
2051,9588953,DSCT,1.0,
2052,9591519,DSCT,1.0,
2053,9594007,GDORS,,1.0
2054,9594007,GDORS,,1.0
2055,9594007,GDORS,,1.0
2056,9594022,DSCT,1.0,
2057,9594029,DSCT,,
2058,9594100,GDORS,,1.0
2059,9594100,GDORS,,1.0
2060,9594100,GDORS,,1.0
2061,9594857,DSCT,1.0,
2062,9595230,GDORA,,
2063,9596093,DSCT/ROT,1.0,
2064,9596300,DSCT,2.0,
2065,9596355,DSCT/ROT,1.0,
2066,9596469,DSCT,1.0,
2067,9597218,DSCT,2.0,
2068,9598448,DSCT,1.0,1.0
2069,9602542,DSCT,,
2070,9604762,DSCT,1.0,
2071,9606739,DSCT,1.0,
2072,9612468,DSCT,,
2073,9612697,DSCT,1.0,
2074,9630640,DSCT/ROT,1.0,
2075,9632537,DSCT/ROT,1.0,
2076,9636283,DSCT,1.0,
2077,9637265,DSCT/EB,,
2078,9640891,DSCT,1.0,
2079,9642894,DSCT,1.0,
2080,9649801,DSCT,1.0,
2081,9650390,DSCT,1.0,
2082,9650501,DSCT,1.0,
2083,9651065,DSCT,1.0,1.0
2084,9651298,DSCT/EB,,
2085,9651658,GDORA,,
2086,9652302,GDORM,2.0,1.0
2087,9652302,GDORM,2.0,1.0
2088,9653450,DSCT/ROT,1.0,
2089,9654789,GDORA,,
2090,9655055,DSCT,1.0,
2091,9655114,DSCT,1.0,
2092,9655151,GDORS,,1.0
2093,9655151,GDORS,,1.0
2094,9655169,DSCT,,
2095,9655177,DSCT,1.0,
2096,9655392,DSCT,,
2097,9655393,DSCT,1.0,
2098,9655399,GDORA,,
2099,9655402,DSCT,1.0,
2100,9655404,DSCT,,
2101,9655422,DSCT,1.0,
2102,9655438,DSCT/ROT,1.0,
2103,9655444,DSCT,1.0,
2104,9655470,DSCT,1.0,
2105,9655501,DSCT,1.0,
2106,9655514,DSCT,1.0,
2107,9655624,GDORM,,
2108,9655769,DSCT,1.0,
2109,9655800,GDORS,,
2110,9655909,DSCT,1.0,
2111,9656348,DSCT,1.0,
2112,9656741,DSCT,1.0,
2113,9656934,GDORA,,
2114,9666465,DSCT/ROT,1.0,
2115,9667584,DSCT,1.0,
2116,9673293,DSCT/ROT,1.0,
2117,9693282,DSCT,1.0,
2118,9696853,GDORS,,
2119,9700145,DSCT,1.0,
2120,9700322,DSCT,1.0,
2121,9700679,DSCT,,
2122,9710475,DSCT,1.0,
2123,9713244,DSCT,1.0,
2124,9714209,DSCT,1.0,
2125,9714633,DSCT,2.0,
2126,9715359,DSCT,1.0,
2127,9716107,GDORS,,1.0
2128,9716107,GDORS,,1.0
2129,9716220,DSCT,1.0,
2130,9716358,GDORS,,1.0
2131,9716385,DSCT/ROT,1.0,
2132,9716523,DSCT,,
2133,9716947,DSCT,1.0,
2134,9717861,DSCT,1.0,
2135,9724080,DSCT/ROT,,
2136,9724220,DSCT/ROT,1.0,
2137,9725543,DSCT,1.0,
2138,9726084,GDORA,,
2139,9730397,DSCT,1.0,1.0
2140,9762713,DSCT,1.0,
2141,9762866,DSCT,1.0,
2142,9764506,GDORS,,
2143,9764965,DSCT,1.0,
2144,9772075,GDORS,,
2145,9773094,DSCT,1.0,
2146,9773172,GDORS/ROT,,
2147,9773512,DSCT,1.0,
2148,9773821,DSCT/SOLR,,
2149,9774314,DSCT/ROT,1.0,
2150,9774357,GDORM,,
2151,9775385,DSCT,1.0,
2152,9775454,DSCT,1.0,
2153,9776378,DSCT,1.0,
2154,9777807,GDORA,,1.0
2155,9778742,GDORS,,
2156,9786859,GDORS,,
2157,9790144,GDORS/EB,,
2158,9790479,DSCT,1.0,
2159,9791112,DSCT,1.0,
2160,9791381,DSCT,,
2161,9812351,DSCT,1.0,
2162,9812716,DSCT,1.0,
2163,9813078,DSCT,1.0,
2164,9818269,DSCT,1.0,
2165,9823602,DSCT,1.0,
2166,9823652,DSCT,1.0,
2167,9828226,DSCT,1.0,
2168,9832497,DSCT/ROT,1.0,
2169,9832655,DSCT,1.0,
2170,9832727,DSCT/ROT,1.0,
2171,9836020,DSCT,1.0,
2172,9836073,DSCT,1.0,
2173,9837267,DSCT,1.0,
2174,9837659,DSCT/ROT,1.0,
2175,9838496,DSCT/ROT,1.0,
2176,9839184,DSCT,1.0,
2177,9839547,GDORS,,
2178,9842860,GDORA,,
2179,9844510,GDORA,,
2180,9844791,DSCT,1.0,
2181,9845573,DSCT,1.0,
2182,9845907,DSCT,1.0,
2183,9846419,GDORS,,
2184,9847243,GDORS,,1.0
2185,9847243,GDORS,,1.0
2186,9847901,GDORM,,
2187,9848000,GDORA,,
2188,9848460,GDORM,,
2189,9849107,DSCT,1.0,
2190,9850393,DSCT,1.0,
2191,9874181,DSCT,1.0,
2192,9875566,DSCT,1.0,1.0
2193,9881909,GDORS,,
2194,9892624,DSCT,1.0,
2195,9893388,DSCT,2.0,
2196,9895269,DSCT,1.0,
2197,9895857,DSCT/ROT,1.0,
2198,9896606,GDORS/ROT,,1.0
2199,9896743,GDORS/EB,,
2200,9897089,DSCT,1.0,1.0
2201,9898401,DSCT/EB/ROT,,
2202,9903360,DSCT/ROT,1.0,
2203,9905648,GDORS,,
2204,9907383,GDORS,,
2205,9909300,GDORA,,
2206,9910533,DSCT,1.0,
2207,9913819,DSCT,1.0,
2208,9943441,DSCT/ROT,1.0,
2209,9953617,DSCT,1.0,
2210,9955262,GDOR/EB?,,
2211,9962653,GDORA,,1.0
2212,9962653,GDORA,,1.0
2213,9963609,DSCT,1.0,
2214,9963667,DSCT,1.0,
2215,9966976,DSCT,1.0,
2216,9967183,GDORS,,
2217,9969989,GDORS/ROT,,
2218,9970139,GDORM,,
2219,9970568,DSCT,1.0,
2220,9971786,DSCT/ROT,1.0,
2221,9973036,DSCT,1.0,
2222,9974087,DSCT,,
2223,10000056,DSCT,,
2224,10001145,DSCT,1.0,
2225,10002897,DSCT/ROT,1.0,
2226,10004660,DSCT,1.0,
2227,10014548,DSCT,1.0,
2228,10014604,DSCT,1.0,
2229,10014649,DSCT,1.0,
2230,10015534,GDORS/ROT?,,
2231,10028433,GDORS,,
2232,10029999,DSCT,1.0,
2233,10030943,DSCT/ROT,,
2234,10031634,DSCT,1.0,
2235,10034227,DSCT/ROT,1.0,
2236,10035155,DSCT,1.0,
2237,10035772,DSCT,1.0,
2238,10056297,DSCT,1.0,1.0
2239,10056931,DSCT,1.0,
2240,10065244,DSCT,1.0,
2241,10069934,GDORA,,
2242,10071056,DSCT/ROT,1.0,
2243,10073601,GDORM,,
2244,10079420,DSCT/ROT,1.0,
2245,10080943,DSCT,1.0,1.0
2246,10080943,DSCT,1.0,1.0
2247,10080943,DSCT,1.0,1.0
2248,10080943,DSCT,1.0,1.0
2249,10080943,DSCT,1.0,1.0
2250,10083442,GDORS,,
2251,10091792,GDORS,2.0,1.0
2252,10091792,GDORS,2.0,1.0
2253,10091792,GDORS,2.0,1.0
2254,10093607,GDORS/GDORA,,
2255,10095496,DSCT,1.0,
2256,10096499,GDORS,,
2257,10130777,DSCT,1.0,
2258,10134800,DSCT,1.0,
2259,10154094,DSCT,1.0,1.0
2260,10154966,DSCT,1.0,
2261,10155321,GDORM,2.0,
2262,10159927,DSCT/ROT,1.0,
2263,10164569,DSCT/ROT,1.0,
2264,10196863,DSCT/ROT,1.0,
2265,10199055,DSCT,1.0,
2266,10199218,GDORS,,
2267,10207957,GDORA,,
2268,10208345,DSCT,1.0,
2269,10213964,DSCT/ROT,1.0,
2270,10213987,DSCT,1.0,
2271,10219475,DSCT,1.0,
2272,10220150,DSCT,,
2273,10220707,DSCT/EB,1.0,
2274,10222716,GDORA,,
2275,10224094,GDORS/GDORA,,1.0
2276,10224550,GDORS,,1.0
2277,10224550,GDORS,,1.0
2278,10224920,DSCT,1.0,
2279,10226083,DSCT,1.0,
2280,10253943,DSCT,1.0,
2281,10256787,GDORA,,1.0
2282,10258260,DSCT,1.0,
2283,10263800,DSCT,1.0,
2284,10264728,DSCT,1.0,
2285,10273384,DSCT/EB,,
2286,10276126,DSCT/ROT,1.0,
2287,10279745,DSCT,1.0,
2288,10281360,DSCT,1.0,
2289,10281639,DSCT,1.0,
2290,10285770,DSCT/ROT,1.0,
2291,10287874,GDORS,,
2292,10289211,DSCT,1.0,
2293,10289432,GDORS,,
2294,10293818,DSCT,1.0,
2295,10297233,DSCT,1.0,
2296,10317467,GDORS,,1.0
2297,10317467,GDORS,,1.0
2298,10322290,DSCT,1.0,
2299,10324066,DSCT/ROT,1.0,
2300,10328476,GDORS,,
2301,10345939,GDORA,,
2302,10347481,GDORS,,1.0
2303,10347481,GDORS,,1.0
2304,10350769,GDORS,2.0,
2305,10355055,DSCT,1.0,
2306,10360294,GDORS,2.0,1.0
2307,10360294,GDORS,2.0,1.0
2308,10361229,DSCT,1.0,
2309,10362500,GDORA,,
2310,10385459,GDORS,2.0,
2311,10398450,GDORS,,
2312,10405019,GDORS,,1.0
2313,10405019,GDORS,,1.0
2314,10407873,DSCT/ROT,1.0,
2315,10415087,DSCT,1.0,
2316,10416175,GDORS,,1.0
2317,10416779,DSCT,,
2318,10417022,DSCT,,
2319,10417135,DSCT/ROT,,
2320,10417986,DSCT/ROT,,
2321,10424228,DSCT,1.0,
2322,10424977,GDORS,,1.0
2323,10424977,GDORS,,1.0
2324,10427093,DSCT/ROT,1.0,
2325,10448764,DSCT,1.0,
2326,10451090,DSCT,1.0,
2327,10451317,DSCT/ROT,1.0,
2328,10462980,DSCT,1.0,
2329,10467146,GDORS/GDORA,,1.0
2330,10469984,DSCT,1.0,
2331,10470294,GDORS,2.0,1.0
2332,10471914,DSCT,1.0,
2333,10482774,DSCT/ROT,1.0,
2334,10483230,GDORS,,1.0
2335,10483230,GDORS,,1.0
2336,10483230,GDORS,,1.0
2337,10484808,DSCT,1.0,
2338,10485035,GDORM,,
2339,10485961,DSCT/ROT,1.0,
2340,10489019,GDORM,2.0,
2341,10489265,DSCT,1.0,
2342,10489373,DSCT,1.0,
2343,10489783,DSCT,1.0,
2344,10528873,DSCT/ROT,1.0,
2345,10532771,DSCT,1.0,
2346,10533616,DSCT/ROT,1.0,
2347,10536326,GDORM,2.0,
2348,10537528,DSCT,,
2349,10537907,DSCT,1.0,
2350,10544469,GDORS,,
2351,10548240,GDORS,,1.0
2352,10549292,DSCT,1.0,
2353,10549371,DSCT,1.0,
2354,10549480,GDORS,,
2355,10549643,DSCT,1.0,
2356,10551271,GDORS,2.0,1.0
2357,10553884,GDORS,,
2358,10555142,DSCT,1.0,
2359,10556064,GDORM,2.0,
2360,10580834,DSCT,1.0,
2361,10582000,DSCT,,
2362,10586045,DSCT,1.0,
2363,10586837,GDORS,2.0,1.0
2364,10586837,GDORS,2.0,1.0
2365,10590857,DSCT,1.0,
2366,10600540,DSCT,1.0,
2367,10604429,DSCT,1.0,
2368,10609641,DSCT,1.0,
2369,10610027,GDORS,,
2370,10615125,DSCT,1.0,
2371,10616124,DSCT,1.0,
2372,10616138,DSCT,1.0,
2373,10616239,GDORS,,
2374,10616594,DSCT/SOLR?,,
2375,10647611,DSCT,1.0,
2376,10652134,GDORA,,1.0
2377,10652134,GDORA,,1.0
2378,10658802,DSCT,1.0,
2379,10664703,DSCT,1.0,
2380,10664975,DSCT/ROT,1.0,
2381,10668233,DSCT,1.0,
2382,10669515,GDORS,2.0,1.0
2383,10669515,GDORS,2.0,1.0
2384,10669516,GDORA,,1.0
2385,10675762,DSCT,1.0,
2386,10676246,GDORA,,
2387,10678547,DSCT,1.0,
2388,10679429,DSCT,1.0,
2389,10679607,GDORS,2.0,1.0
2390,10681464,GDORA/EB,2.0,1.0
2391,10684587,DSCT,1.0,
2392,10684673,DSCT,,
2393,10685653,DSCT/ROT,1.0,
2394,10686752,DSCT,1.0,
2395,10713398,DSCT,1.0,
2396,10717721,GDORM,,
2397,10717871,DSCT,1.0,
2398,10722668,GDORM,2.0,
2399,10723618,DSCT,1.0,
2400,10727717,DSCT/ROT,1.0,
2401,10729645,DSCT,1.0,
2402,10732638,DSCT,1.0,
2403,10734935,DSCT,1.0,
2404,10735279,GDORA,,
2405,10741920,DSCT,1.0,
2406,10744042,DSCT/ROT,1.0,
2407,10744342,GDORM,,1.0
2408,10744342,GDORM,,1.0
2409,10747093,GDORA,,
2410,10749793,DSCT,1.0,
2411,10750903,GDORS,,1.0
2412,10750903,GDORS,,1.0
2413,10753210,DSCT,,
2414,10753246,DSCT/ROT,1.0,
2415,10775968,DSCT/ROT,1.0,
2416,10777903,DSCT,1.0,
2417,10783150,GDORS,1.0,
2418,10788451,DSCT,1.0,
2419,10790706,DSCT/ROT,1.0,
2420,10799291,GDORS/EB,,
2421,10801714,DSCT,1.0,
2422,10802820,DSCT,1.0,
2423,10803371,GDORS,2.0,1.0
2424,10803371,GDORS,2.0,1.0
2425,10803371,GDORS,2.0,1.0
2426,10811753,DSCT,1.0,
2427,10812657,GDORS,,
2428,10813970,DSCT,1.0,
2429,10814711,DSCT,,
2430,10814863,DSCT,,
2431,10815466,DSCT,1.0,
2432,10817600,DSCT/EB,,
2433,10818266,GDORS,2.0,1.0
2434,10818266,GDORS,2.0,1.0
2435,10847044,GDORS,,
2436,10851035,GDORS,,
2437,10853783,DSCT,1.0,
2438,10855535,DSCT,,
2439,10859386,GDORS,2.0,1.0
2440,10859386,GDORS,2.0,1.0
2441,10873947,GDORS,2.0,
2442,10875239,GDORS,2.0,1.0
2443,10877999,GDORS,,
2444,10881855,DSCT,1.0,
2445,10918393,DSCT,1.0,
2446,10920447,DSCT,1.0,
2447,10921894,DSCT,1.0,
2448,10923648,GDORS,1.0,1.0
2449,10931800,GDORA,,
2450,10931805,DSCT,1.0,
2451,10933861,GDORA,,
2452,10933870,GDORM,2.0,
2453,10938094,GDORM,,
2454,10961011,GDORS,,1.0
2455,10975247,DSCT/ROT,1.0,
2456,10977859,DSCT/ROT,1.0,
2457,10978178,DSCT/ROT,1.0,
2458,10979359,GDORS,,1.0
2459,10988009,DSCT,1.0,
2460,10989032,DSCT/EB,,
2461,10990083,GDORA,1.0,
2462,10990452,DSCT,1.0,
2463,10990961,DSCT,1.0,
2464,11013201,DSCT/EB,,
2465,11017637,GDORS/GDORA,,1.0
2466,11017637,GDORS/GDORA,,1.0
2467,11021188,DSCT,1.0,
2468,11027729,DSCT/ROT,1.0,
2469,11027806,DSCT/EB,1.0,
2470,11031512,GDORS,2.0,
2471,11032600,GDORS,,1.0
2472,11036440,DSCT/ROT,1.0,
2473,11044372,DSCT,1.0,1.0
2474,11044384,DSCT,1.0,
2475,11044547,DSCT,1.0,
2476,11045341,DSCT,1.0,
2477,11080103,GDORA,,1.0
2478,11081053,GDORS,2.0,1.0
2479,11081053,GDORS,2.0,1.0
2480,11081490,DSCT,1.0,
2481,11090405,DSCT,1.0,
2482,11091071,GDORS,,1.0
2483,11091071,GDORS,,1.0
2484,11092638,GDORM,2.0,1.0
2485,11093203,DSCT/ROT,1.0,
2486,11100331,DSCT/ROT,1.0,
2487,11100522,DSCT,1.0,
2488,11100532,DSCT,1.0,
2489,11125764,DSCT,1.0,
2490,11127190,DSCT,1.0,
2491,11127641,DSCT,1.0,
2492,11133190,DSCT,1.0,
2493,11137377,GDORS,,1.0
2494,11137377,GDORS,,1.0
2495,11140501,GDORS,2.0,
2496,11145123,DSCT,1.0,1.0
2497,11145123,DSCT,1.0,1.0
2498,11145123,DSCT,1.0,1.0
2499,11146648,DSCT,1.0,
2500,11147994,GDORS,2.0,1.0
2501,11147994,GDORS,2.0,1.0
2502,11151714,GDORS,2.0,
2503,11152054,DSCT/ROT,1.0,
2504,11152422,DSCT,,
2505,11152625,DSCT,1.0,
2506,11153259,DSCT,1.0,
2507,11175316,DSCT,1.0,
2508,11179734,DSCT/ROT,1.0,
2509,11180361,DSCT/ROT,,
2510,11182765,DSCT,1.0,
2511,11183399,GDORS/ROT,,1.0
2512,11183539,DSCT,1.0,
2513,11193046,DSCT,1.0,
2514,11194055,GDORS,,
2515,11196370,GDORS,2.0,
2516,11197934,DSCT,1.0,
2517,11199228,DSCT/ROT,1.0,
2518,11199412,GDORM,,
2519,11201483,GDORS,2.0,1.0
2520,11206038,DSCT,1.0,
2521,11232111,DSCT/ROT,1.0,
2522,11245278,GDORA,,
2523,11259967,GDORS,,
2524,11260307,DSCT,1.0,
2525,11285767,DSCT,1.0,
2526,11289905,GDORM,,
2527,11294808,GDORS,2.0,1.0
2528,11294808,GDORS,2.0,1.0
2529,11295729,DSCT,1.0,
2530,11302627,DSCT,,
2531,11309335,DSCT,1.0,
2532,11340713,DSCT,1.0,
2533,11355938,DSCT/ROT,1.0,
2534,11357796,DSCT/ROT,1.0,
2535,11361739,DSCT/ROT,1.0,
2536,11395392,DSCT,1.0,
2537,11402951,DSCT,1.0,
2538,11408675,GDORS,,
2539,11409748,GDORS,,1.0
2540,11409748,GDORS,,1.0
2541,11409748,GDORS,,1.0
2542,11410261,GDORS,,1.0
2543,11410261,GDORS,,1.0
2544,11410261,GDORS,,1.0
2545,11410915,DSCT/ROT,1.0,
2546,11415556,DSCT,1.0,
2547,11445913,DSCT,1.0,
2548,11447883,GDORA,,
2549,11456474,GDORS,,1.0
2550,11456474,GDORS,,1.0
2551,11456933,GDORS,,1.0
2552,11456933,GDORS,,1.0
2553,11457198,DSCT,1.0,
2554,11461134,DSCT,1.0,
2555,11462151,GDORS,2.0,1.0
2556,11463950,DSCT,1.0,
2557,11464245,DSCT,1.0,
2558,11468621,DSCT/ROT,1.0,
2559,11468863,DSCT/ROT,1.0,
2560,11469049,DSCT,1.0,
2561,11494765,GDORA,,
2562,11495305,DSCT,1.0,
2563,11497012,DSCT,1.0,
2564,11506508,DSCT,1.0,
2565,11508397,DSCT,1.0,
2566,11508587,GDORS,,
2567,11509728,DSCT/ROT,1.0,
2568,11513155,DSCT,1.0,
2569,11520150,GDORS,,
2570,11520310,GDORS,,1.0
2571,11550154,GDORS,2.0,1.0
2572,11550154,GDORS,2.0,1.0
2573,11550154,GDORS,2.0,1.0
2574,11558455,DSCT,1.0,
2575,11559263,DSCT,,
2576,11565950,GDORS,1.0,
2577,11571409,GDORS,,
2578,11572046,DSCT,1.0,
2579,11572666,DSCT,1.0,
2580,11602449,DSCT,1.0,
2581,11606351,DSCT,1.0,
2582,11607193,DSCT,1.0,
2583,11612274,GDORS,2.0,1.0
2584,11617030,DSCT/ROT,1.0,
2585,11618998,DSCT,1.0,
2586,11619202,DSCT,1.0,
2587,11619868,DSCT,2.0,1.0
2588,11619868,DSCT,2.0,1.0
2589,11620101,DSCT,1.0,
2590,11622328,DSCT,,
2591,11623878,GDORM,1.0,
2592,11624191,DSCT,1.0,
2593,11624521,DSCT,1.0,
2594,11649497,DSCT,1.0,
2595,11649699,GDORS,1.0,1.0
2596,11649699,GDORS,1.0,1.0
2597,11649699,GDORS,1.0,1.0
2598,11654267,DSCT,2.0,
2599,11656492,DSCT,1.0,
2600,11657371,GDORS,2.0,1.0
2601,11657371,GDORS,2.0,1.0
2602,11658996,DSCT,1.0,
2603,11661993,DSCT,1.0,
2604,11662513,GDORS,2.0,1.0
2605,11662513,GDORS,2.0,1.0
2606,11665531,DSCT,1.0,
2607,11666503,DSCT,1.0,
2608,11667100,GDORM,2.0,
2609,11668602,GDORS,,
2610,11668783,GDORS/GDORA,,
2611,11671429,DSCT,,
2612,11700370,DSCT,1.0,
2613,11700599,DSCT/ROT,1.0,
2614,11700604,DSCT,1.0,
2615,11708238,DSCT/ROT,1.0,
2616,11710462,DSCT,1.0,
2617,11714150,DSCT/ROT,1.0,
2618,11717240,DSCT,1.0,
2619,11718839,DSCT,1.0,
2620,11721304,GDORA,,1.0
2621,11723564,DSCT,1.0,
2622,11725829,DSCT,1.0,
2623,11760312,DSCT,1.0,
2624,11769929,DSCT,1.0,
2625,11770258,DSCT,1.0,
2626,11771670,DSCT,1.0,
2627,11771931,GDORM,,
2628,11772971,DSCT,1.0,1.0
2629,11773909,DSCT,1.0,
2630,11775251,GDORS,2.0,1.0
2631,11775251,GDORS,2.0,1.0
2632,11775354,DSCT/ROT,1.0,
2633,11809179,DSCT,1.0,
2634,11811140,GDORS,,
2635,11815158,DSCT,1.0,
2636,11819079,GDORM,2.0,
2637,11821140,DSCT,1.0,
2638,11822666,DSCT,1.0,
2639,11822789,DSCT,1.0,
2640,11823661,DSCT/ROT,1.0,
2641,11823683,DSCT/ROT,1.0,
2642,11824964,DSCT,1.0,
2643,11825198,DSCT/EB,,
2644,11825204,DSCT,,
2645,11826440,DSCT,,
2646,11858293,DSCT,1.0,
2647,11861260,GDORA,,
2648,11870315,DSCT,1.0,
2649,11871236,DSCT,2.0,
2650,11872512,DSCT,1.0,
2651,11872848,DSCT,1.0,
2652,11874676,DSCT,1.0,
2653,11874898,GDORS,,
2654,11907454,GDORA,,1.0
2655,11907454,GDORA,,1.0
2656,11909497,DSCT,1.0,
2657,11910256,DSCT/ROT,1.0,
2658,11910642,DSCT,,
2659,11919968,DSCT,1.0,
2660,11920505,GDORA,,1.0
2661,11922283,GDORS,2.0,1.0
2662,11922283,GDORS,2.0,1.0
2663,11923562,GDORS,1.0,1.0
2664,11923562,GDORS,1.0,1.0
2665,11923784,GDORS,,
2666,11924025,DSCT/ROT,1.0,
2667,11924366,GDORS,2.0,
2668,11961072,DSCT/ROT,1.0,
2669,11967758,DSCT,1.0,
2670,11972526,DSCT,1.0,
2671,11973705,DSCT/MAIA,,
2672,12011851,GDORS,,1.0
2673,12011851,GDORS,,1.0
2674,12013034,DSCT,1.0,
2675,12017894,GDORS,2.0,
2676,12018834,GDORS,2.0,
2677,12020590,DSCT,1.0,
2678,12022938,GDORS,,
2679,12055866,DSCT,1.0,
2680,12058428,GDORA,,1.0
2681,12058428,GDORA,,1.0
2682,12067780,DSCT,1.0,
2683,12068180,DSCT,1.0,
2684,12069252,DSCT,1.0,
2685,12072666,DSCT,1.0,
2686,12102187,GDORA,,1.0
2687,12102187,GDORA,,1.0
2688,12104142,GDORS,,1.0
2689,12105259,GDORS,,
2690,12105278,GDORA,,
2691,12111004,GDORM,1.0,1.0
2692,12116239,DSCT,1.0,
2693,12117689,GDORS,2.0,1.0
2694,12120077,DSCT,1.0,
2695,12122075,DSCT,1.0,
2696,12169181,GDORM,,
2697,12170722,GDORS,2.0,1.0
2698,12170722,GDORS,2.0,1.0
2699,12170722,GDORS,2.0,1.0
2700,12202137,GDORS,,1.0
2701,12202137,GDORS,,1.0
2702,12202245,DSCT,1.0,
2703,12216210,GDORS,,
2704,12216817,DSCT,,
2705,12218727,GDORS,,
2706,12257449,DSCT,1.0,
2707,12268579,GDORS,2.0,
2708,12303838,GDORS,,1.0
2709,12303838,GDORS,,1.0
2710,12350399,GDORA,,
2711,12353648,DSCT,1.0,
2712,12365420,DSCT,1.0,1.0
2713,12400984,DSCT,1.0,
2714,12401800,GDORS,,1.0
2715,12401800,GDORS,,1.0
2716,12470041,GDORM/EB,,
2717,12470317,DSCT,1.0,
2718,12470709,DSCT,1.0,
2719,12505154,GDORS,,1.0
2720,12505154,GDORS,,1.0
2721,12508348,DSCT,,
2722,12520187,GDORS,2.0,1.0
2723,12520187,GDORS,2.0,1.0
2724,12602250,DSCT,1.0,
2725,12643786,GDORS,,1.0
2726,12647070,DSCT/ROT,1.0,
2727,12688835,DSCT,1.0,
2728,12691831,GDORM,2.0,1.0
2729,12736056,DSCT/MAIA,1.0,
2730,12784394,DSCT,1.0,
2731,12885086,DSCT/ROT,1.0,
2732,12934846,GDORS,,
2733,1026255,,1.0,
2734,1573149,,1.0,
2735,1870849,,1.0,
2736,2572386,,1.0,
2737,2581626,,1.0,
2738,2583153,,1.0,
2739,2715483,,1.0,
2740,2851278,,1.0,
2741,2855026,,1.0,
2742,2975832,,1.0,1.0
2743,2993589,,2.0,
2744,3096317,,1.0,1.0
2745,3096317,,1.0,1.0
2746,3110496,,2.0,
2747,3117511,,1.0,
2748,3216518,,1.0,1.0
2749,3232218,,2.0,
2750,3241199,,1.0,1.0
2751,3248951,,1.0,
2752,3341457,,2.0,1.0
2753,3341457,,2.0,1.0
2754,3424493,,2.0,
2755,3442006,,1.0,
2756,3446837,,1.0,
2757,3456100,,1.0,
2758,3545457,,1.0,
2759,3647114,,1.0,
2760,3655115,,1.0,1.0
2761,3655115,,1.0,1.0
2762,3657237,,1.0,
2763,3659012,,2.0,
2764,3762741,,1.0,
2765,3852644,,1.0,
2766,3868442,,2.0,
2767,3868832,,2.0,
2768,3941524,,1.0,
2769,3953144,,1.0,
2770,3964082,,1.0,
2771,3966950,,1.0,1.0
2772,4043227,,1.0,
2773,4057000,,2.0,
2774,4071949,,1.0,
2775,4072890,,1.0,
2776,4075172,,2.0,
2777,4075685,,1.0,
2778,4159118,,1.0,
2779,4170639,,1.0,
2780,4171580,,1.0,
2781,4178654,,1.0,
2782,4254741,,1.0,
2783,4264365,,1.0,1.0
2784,4358571,,1.0,
2785,4377815,,1.0,
2786,4447461,,1.0,
2787,4476011,,1.0,
2788,4484271,,1.0,
2789,4649238,,2.0,
2790,4649462,,1.0,
2791,4656194,,1.0,
2792,4668676,,1.0,
2793,4733344,,1.0,
2794,4736562,,1.0,
2795,4737731,,1.0,
2796,4752731,,1.0,
2797,4768611,,1.0,
2798,4769505,,1.0,
2799,4774208,,1.0,1.0
2800,4774208,,1.0,1.0
2801,4824197,,2.0,
2802,4861194,,1.0,
2803,4909697,,1.0,
2804,4951447,,1.0,
2805,4995588,,1.0,
2806,4999763,,1.0,
2807,4999789,,1.0,
2808,5018191,,1.0,
2809,5019101,,2.0,
2810,5021024,,1.0,
2811,5027610,,2.0,
2812,5027750,,1.0,
2813,5036761,,2.0,
2814,5088308,,1.0,
2815,5089352,,1.0,
2816,5089498,,2.0,1.0
2817,5106287,,1.0,
2818,5112836,,1.0,
2819,5121956,,1.0,
2820,5284701,,1.0,
2821,5286485,,1.0,
2822,5296692,,1.0,
2823,5300451,,2.0,
2824,5300719,,1.0,
2825,5302643,,1.0,1.0
2826,5304634,,1.0,
2827,5307209,,1.0,
2828,5347580,,1.0,
2829,5385141,,1.0,
2830,5385754,,1.0,
2831,5390357,,1.0,
2832,5397516,,1.0,
2833,5475664,,1.0,
2834,5476473,,2.0,1.0
2835,5476473,,2.0,1.0
2836,5479538,,1.0,
2837,5481390,,2.0,1.0
2838,5481482,,1.0,1.0
2839,5481482,,1.0,1.0
2840,5482510,,1.0,
2841,5522154,,2.0,1.0
2842,5526545,,1.0,
2843,5529323,,1.0,
2844,5534340,,1.0,
2845,5558379,,1.0,
2846,5560691,,1.0,
2847,5561007,,1.0,
2848,5565497,,2.0,
2849,5565707,,1.0,
2850,5609486,,1.0,
2851,5617255,,1.0,
2852,5630362,,1.0,
2853,5638409,,1.0,
2854,5650062,,1.0,
2855,5650108,,1.0,
2856,5688919,,1.0,
2857,5702637,,1.0,1.0
2858,5707205,,1.0,
2859,5716472,,1.0,
2860,5717449,,1.0,
2861,5721610,,1.0,
2862,5722737,,1.0,
2863,5725312,,1.0,
2864,5725443,,1.0,
2865,5737104,,1.0,
2866,5737902,,1.0,
2867,5771101,,1.0,
2868,5788165,,1.0,
2869,5791884,,1.0,
2870,5809732,,1.0,
2871,5816288,,1.0,
2872,5880360,,1.0,
2873,5880445,,1.0,
2874,5900260,,1.0,
2875,5903062,,1.0,
2876,5950759,,1.0,
2877,5960564,,2.0,
2878,5966212,,1.0,
2879,5978295,,1.0,
2880,5978805,,1.0,
2881,5979866,,1.0,
2882,5981039,,1.0,
2883,5990706,,1.0,
2884,6019416,,1.0,1.0
2885,6065351,,1.0,
2886,6071684,,1.0,
2887,6107117,,1.0,
2888,6116172,,1.0,
2889,6119788,,1.0,
2890,6130261,,1.0,
2891,6131093,,2.0,1.0
2892,6131093,,2.0,1.0
2893,6138789,,2.0,
2894,6141503,,1.0,
2895,6154326,,1.0,
2896,6183478,,1.0,
2897,6195556,,1.0,
2898,6196629,,1.0,
2899,6211901,,1.0,
2900,6230529,,1.0,
2901,6231538,,1.0,
2902,6271512,,1.0,
2903,6279388,,1.0,
2904,6290877,,1.0,
2905,6290908,,2.0,
2906,6291473,,2.0,1.0
2907,6291473,,2.0,1.0
2908,6291473,,2.0,1.0
2909,6294556,,1.0,
2910,6310627,,1.0,
2911,6344431,,1.0,
2912,6352430,,2.0,
2913,6366627,,1.0,
2914,6382916,,1.0,
2915,6387579,,1.0,
2916,6428925,,1.0,
2917,6441258,,1.0,
2918,6460258,,2.0,
2919,6467349,,1.0,
2920,6522823,,1.0,
2921,6529902,,2.0,
2922,6541245,,1.0,
2923,6547396,,1.0,
2924,6586020,,1.0,
2925,6619377,,1.0,
2926,6627367,,1.0,
2927,6631188,,1.0,
2928,6635493,,1.0,
2929,6696050,,1.0,
2930,6719266,,1.0,
2931,6721089,,1.0,
2932,6757160,,1.0,1.0
2933,6791090,,1.0,
2934,6803964,,1.0,
2935,6806724,,1.0,
2936,6861400,,1.0,
2937,6862840,,1.0,
2938,6922995,,1.0,
2939,6935101,,1.0,
2940,6936178,,1.0,
2941,6937123,,1.0,1.0
2942,6937123,,1.0,1.0
2943,6937123,,1.0,1.0
2944,6937123,,1.0,1.0
2945,6937123,,1.0,1.0
2946,6937123,,1.0,1.0
2947,6955650,,1.0,
2948,6960727,,1.0,
2949,6963490,,1.0,
2950,6974847,,1.0,
2951,7031107,,1.0,
2952,7051690,,1.0,
2953,7124161,,1.0,
2954,7198734,,2.0,
2955,7204794,,1.0,
2956,7271892,,1.0,
2957,7281814,,1.0,
2958,7282228,,1.0,
2959,7294135,,1.0,
2960,7302192,,1.0,
2961,7351433,,1.0,
2962,7354531,,1.0,
2963,7381616,,1.0,
2964,7463623,,2.0,1.0
2965,7463623,,2.0,1.0
2966,7467185,,1.0,
2967,7511980,,2.0,
2968,7523960,,2.0,
2969,7538543,,1.0,
2970,7582608,,1.0,
2971,7595579,,1.0,
2972,7613422,,1.0,
2973,7621172,,1.0,
2974,7621793,,1.0,1.0
2975,7658578,,1.0,
2976,7703305,,1.0,
2977,7733685,,1.0,
2978,7750215,,1.0,
2979,7750216,,1.0,
2980,7772919,,1.0,
2981,7816329,,1.0,
2982,7840896,,2.0,
2983,7878396,,1.0,
2984,7904642,,1.0,
2985,7908011,,2.0,
2986,7937494,,1.0,
2987,7938180,,1.0,
2988,7950727,,1.0,
2989,7954107,,1.0,
2990,7956461,,1.0,
2991,7971008,,1.0,
2992,7983108,,2.0,
2993,7989079,,1.0,
2994,8018827,,2.0,
2995,8022144,,1.0,
2996,8023217,,1.0,
2997,8025357,,1.0,
2998,8036315,,1.0,
2999,8044889,,1.0,
3000,8052082,,1.0,
3001,8056861,,1.0,
3002,8057661,,1.0,
3003,8086490,,1.0,1.0
3004,8090059,,1.0,
3005,8106097,,2.0,
3006,8144212,,1.0,
3007,8150307,,1.0,
3008,8155291,,1.0,
3009,8190872,,1.0,
3010,8228729,,1.0,
3011,8235853,,1.0,
3012,8243190,,1.0,
3013,8248296,,1.0,
3014,8249829,,1.0,
3015,8256621,,1.0,
3016,8257115,,1.0,
3017,8264801,,1.0,
3018,8264824,,1.0,
3019,8265244,,1.0,
3020,8265481,,1.0,
3021,8312491,,1.0,
3022,8314246,,1.0,
3023,8315263,,1.0,
3024,8322016,,1.0,
3025,8323981,,1.0,
3026,8329014,,1.0,1.0
3027,8332193,,1.0,
3028,8364412,,2.0,
3029,8379283,,2.0,
3030,8382172,,1.0,
3031,8390667,,1.0,
3032,8393922,,1.0,
3033,8398290,,2.0,
3034,8424446,,1.0,
3035,8426007,,1.0,
3036,8432962,,1.0,
3037,8442040,,1.0,
3038,8444802,,1.0,
3039,8456151,,1.0,
3040,8460081,,1.0,
3041,8493159,,1.0,
3042,8500899,,1.0,
3043,8508096,,1.0,
3044,8520433,,1.0,
3045,8516900,,1.0,
3046,8521059,,2.0,
3047,8523595,,1.0,
3048,8524953,,1.0,
3049,8525214,,2.0,
3050,8573774,,1.0,
3051,8585472,,1.0,
3052,8591404,,2.0,1.0
3053,8591404,,2.0,1.0
3054,8612612,,2.0,
3055,8640132,,1.0,
3056,8646235,,1.0,
3057,8648251,,1.0,
3058,8648866,,1.0,
3059,8649814,,1.0,
3060,8653100,,1.0,
3061,8682555,,1.0,
3062,8695628,,1.0,
3063,8701099,,1.0,
3064,8702381,,2.0,
3065,8716028,,1.0,
3066,8759967,,1.0,
3067,8771498,,1.0,
3068,8777609,,1.0,
3069,8777843,,1.0,
3070,8827407,,1.0,
3071,8848942,,1.0,
3072,8883847,,1.0,
3073,8908544,,1.0,
3074,8908767,,1.0,
3075,8938257,,2.0,
3076,8940640,,1.0,
3077,8960514,,1.0,
3078,8976187,,1.0,
3079,8976344,,1.0,
3080,8976589,,1.0,
3081,9005210,,1.0,
3082,9017929,,1.0,
3083,9028134,,1.0,1.0
3084,9028134,,1.0,1.0
3085,9028134,,1.0,1.0
3086,9047103,,1.0,
3087,9084373,,1.0,
3088,9095152,,2.0,
3089,9115188,,1.0,
3090,9118716,,1.0,
3091,9206046,,1.0,
3092,9209247,,1.0,
3093,9214444,,1.0,
3094,9222516,,2.0,
3095,9230007,,1.0,
3096,9242059,,1.0,
3097,9244177,,1.0,
3098,9279862,,1.0,
3099,9655407,,1.0,
3100,9288444,,1.0,
3101,9288456,,1.0,
3102,9289704,,1.0,
3103,9289960,,1.0,
3104,9290948,,1.0,
3105,9292463,,1.0,1.0
3106,9301183,,1.0,
3107,9303033,,1.0,
3108,9304367,,2.0,
3109,9331207,,1.0,
3110,9343888,,1.0,
3111,9364179,,1.0,
3112,9366994,,1.0,1.0
3113,9369047,,1.0,
3114,9395246,,1.0,
3115,9402020,,1.0,
3116,9412618,,1.0,
3117,9458275,,1.0,
3118,9469775,,1.0,
3119,9471399,,1.0,
3120,9488454,,1.0,
3121,9526946,,1.0,
3122,9529640,,1.0,
3123,9593997,,1.0,
3124,9594915,,1.0,
3125,9613175,,1.0,
3126,9614124,,1.0,
3127,9640204,,2.0,
3128,9655288,,1.0,
3129,9655346,,1.0,
3130,9655419,,1.0,
3131,9699950,,1.0,
3132,9706609,,1.0,
3133,9716256,,1.0,
3134,9716528,,1.0,
3135,9716609,,1.0,
3136,9716667,,1.0,
3137,9724292,,1.0,
3138,9751996,,1.0,1.0
3139,9751996,,1.0,1.0
3140,9751996,,1.0,1.0
3141,9754111,,1.0,
3142,9758615,,1.0,
3143,9762390,,2.0,
3144,10484817,,1.0,
3145,9776474,,1.0,
3146,9776816,,1.0,1.0
3147,9776816,,1.0,1.0
3148,9777351,,1.0,
3149,9788612,,1.0,
3150,9791509,,1.0,
3151,9818160,,1.0,
3152,9824673,,1.0,
3153,9826562,,1.0,
3154,9833280,,1.0,
3155,9837573,,1.0,
3156,9845898,,1.0,
3157,9851822,,1.0,
3158,9895543,,1.0,
3159,9896277,,1.0,
3160,9908621,,1.0,
3161,9936518,,1.0,1.0
3162,9942562,,1.0,
3163,9945390,,1.0,
3164,9954643,,1.0,
3165,9959422,,1.0,
3166,9964619,,1.0,
3167,9970841,,1.0,
3168,10019347,,1.0,
3169,10034489,,1.0,
3170,10035150,,1.0,
3171,10087801,,1.0,
3172,10095685,,1.0,
3173,10134571,,1.0,
3174,10147217,,1.0,
3175,10148766,,1.0,
3176,10195926,,1.0,
3177,10206643,,1.0,
3178,10265524,,1.0,
3179,10284901,,1.0,
3180,10346424,,1.0,
3181,10362577,,1.0,
3182,10382922,,1.0,
3183,10415502,,1.0,
3184,10468883,,1.0,1.0
3185,10468883,,1.0,1.0
3186,10468883,,1.0,1.0
3187,10481462,,2.0,1.0
3188,10481462,,2.0,1.0
3189,10489311,,1.0,
3190,10538299,,1.0,
3191,10549422,,1.0,
3192,10550657,,1.0,
3193,10598894,,1.0,
3194,10612854,,1.0,
3195,10647493,,1.0,1.0
3196,10652807,,1.0,
3197,10659654,,1.0,
3198,11622535,,1.0,
3199,10815083,,1.0,
3200,10862354,,1.0,
3201,10877182,,1.0,
3202,10921757,,1.0,
3203,10936043,,1.0,
3204,10936474,,1.0,
3205,10963731,,2.0,
3206,10974769,,1.0,
3207,10989859,,1.0,
3208,11026045,,1.0,
3209,11025754,,1.0,
3210,11031749,,1.0,
3211,11143576,,1.0,
3212,11152649,,1.0,1.0
3213,11182608,,1.0,
3214,11183259,,1.0,
3215,11288686,,1.0,
3216,11294931,,1.0,
3217,11296437,,1.0,
3218,11303090,,2.0,
3219,11306611,,1.0,
3220,11413125,,1.0,
3221,11414527,,1.0,
3222,11519180,,1.0,
3223,11548888,,1.0,
3224,11564882,,1.0,1.0
3225,11569628,,1.0,
3226,11607017,,2.0,1.0
3227,11649459,,1.0,
3228,11666104,,1.0,
3229,11666429,,1.0,
3230,11754974,,1.0,
3231,11759297,,1.0,
3232,11824578,,2.0,
3233,11825955,,2.0,
3234,11852985,,1.0,
3235,11868514,,1.0,
3236,11904306,,1.0,
3237,11905761,,1.0,
3238,11906211,,1.0,
3239,11908559,,1.0,
3240,11954651,,1.0,
3241,11975271,,1.0,
3242,12011260,,1.0,
3243,12016717,,1.0,
3244,12055345,,1.0,
3245,12055770,,1.0,
3246,12062443,,1.0,
3247,12073334,,1.0,
3248,12073683,,1.0,
3249,12155426,,1.0,
3250,12165113,,1.0,
3251,12166194,,1.0,
3252,12202143,,1.0,
3253,12215002,,1.0,
3254,12217281,,1.0,
3255,12352485,,2.0,
3256,12357103,,1.0,
3257,12504812,,2.0,
3258,12603159,,1.0,
3259,1026861,,,1.0
3260,1026861,,,1.0
3261,1162345,,,1.0
3262,1162345,,,1.0
3263,1295531,,,1.0
3264,1996456,,,1.0
3265,1996456,,,1.0
3266,2020444,,,1.0
3267,2141387,,,1.0
3268,2163896,,,1.0
3269,2578582,,,1.0
3270,5984615,,,1.0
3271,5984615,,,1.0
3272,2710594,,,1.0
3273,2710594,,,1.0
3274,2859701,,,1.0
3275,2998070,,,1.0
3276,3221077,,,1.0
3277,3240316,,,1.0
3278,3331147,,,1.0
3279,3343854,,,1.0
3280,3440074,,,1.0
3281,3440074,,,1.0
3282,3448365,,,1.0
3283,3448365,,,1.0
3284,3559933,,,1.0
3285,3626325,,,1.0
3286,3626325,,,1.0
3287,3648936,,,1.0
3288,1160891,,,1.0
3289,3744571,,,1.0
3290,4058206,,,1.0
3291,4077558,,,1.0
3292,4077558,,,1.0
3293,2018685,,,1.0
3294,2018685,,,1.0
3295,4774194,,,1.0
3296,4774194,,,1.0
3297,4774194,,,1.0
3298,4839508,,,1.0
3299,4261149,,,1.0
3300,4261149,,,1.0
3301,4278083,,,1.0
3302,4863260,,,1.0
3303,4863260,,,1.0
3304,3852595,,,1.0
3305,4567531,,,1.0
3306,4567531,,,1.0
3307,4743189,,,1.0
3308,4743189,,,1.0
3309,4743189,,,1.0
3310,4952608,,,1.0
3311,5478788,,,1.0
3312,5478788,,,1.0
3313,5114382,,,1.0
3314,5114382,,,1.0
3315,4577969,,,1.0
3316,4577969,,,1.0
3317,5821056,,,1.0
3318,5821056,,,1.0
3319,5978913,,,1.0
3320,5978913,,,1.0
3321,5646058,,,1.0
3322,5706866,,,1.0
3323,5706866,,,1.0
3324,5565100,,,1.0
3325,5565100,,,1.0
3326,7421324,,,1.0
3327,7421324,,,1.0
3328,7695445,,,1.0
3329,7695445,,,1.0
3330,7900126,,,1.0
3331,6469690,,,1.0
3332,6469690,,,1.0
3333,6678174,,,1.0
3334,8655082,,,1.0
3335,8655082,,,1.0
3336,6701459,,,1.0
3337,6764812,,,1.0
3338,6764812,,,1.0
3339,6778113,,,1.0
3340,6780397,,,1.0
3341,4552374,,,1.0
3342,4552374,,,1.0
3343,8264708,,,1.0
3344,8264708,,,1.0
3345,8264708,,,1.0
3346,8264708,,,1.0
3347,8775173,,,1.0
3348,6935014,,,1.0
3349,8324305,,,1.0
3350,8324305,,,1.0
3351,8126271,,,1.0
3352,8126271,,,1.0
3353,9092496,,,1.0
3354,9092496,,,1.0
3355,7434470,,,1.0
3356,7434470,,,1.0
3357,7511994,,,1.0
3358,7551589,,,1.0
3359,7551589,,,1.0
3360,9347494,,,1.0
3361,9347494,,,1.0
3362,4757184,,,1.0
3363,7757478,,,1.0
3364,9348946,,,1.0
3365,9348946,,,1.0
3366,9425193,,,1.0
3367,9673483,,,1.0
3368,8053078,,,1.0
3369,8087269,,,1.0
3370,8087269,,,1.0
3371,8127778,,,1.0
3372,8265068,,,1.0
3373,8375138,,,1.0
3374,8375138,,,1.0
3375,8459899,,,1.0
3376,9713610,,,1.0
3377,8605096,,,1.0
3378,8714886,,,1.0
3379,8759258,,,1.0
3380,8836473,,,1.0
3381,9210943,,,1.0
3382,9210943,,,1.0
3383,9242383,,,1.0
3384,9595743,,,1.0
3385,9595743,,,1.0
3386,9595743,,,1.0
3387,9716563,,,1.0
3388,9716563,,,1.0
3389,9716563,,,1.0
3390,9766218,,,1.0
3391,7023122,,,1.0
3392,11099031,,,1.0
3393,11242284,,,1.0
3394,11256244,,,1.0
3395,11256244,,,1.0
3396,11466960,,,1.0
3397,11466960,,,1.0
3398,11519475,,,1.0
3399,11519475,,,1.0
3400,11349012,,,1.0
3401,11349012,,,1.0
3402,11754232,,,1.0
3403,11826272,,,1.0
3404,11917550,,,1.0
3405,2846358,,,1.0
3406,2846358,,,1.0
3407,12066947,,,1.0
3408,12066947,,,1.0
3409,11395936,,,1.0
3410,11395936,,,1.0
3411,12407395,,,1.0
3412,12407395,,,1.0
3413,12407395,,,1.0
3414,12458189,,,1.0
3415,4255166,,,1.0
3416,4446135,,,1.0
3417,4477170,,,1.0
3418,4477170,,,1.0
3419,4995953,,,1.0
3420,5033298,,,1.0
3421,5033298,,,1.0
3422,7621649,,,1.0
3423,7621649,,,1.0
3424,4483943,,,1.0
3425,5114262,,,1.0
3426,5114262,,,1.0
3427,5254203,,,1.0
3428,6064932,,,1.0
3429,6126012,,,1.0
3430,6469599,,,1.0
3431,6469599,,,1.0
3432,7513405,,,1.0
3433,7968803,,,1.0
3434,7968803,,,1.0
3435,8978113,,,1.0
3436,9552574,,,1.0
3437,10423501,,,1.0
3438,10423501,,,1.0
3439,10645230,,,1.0
3440,11520274,,,1.0
3441,11520274,,,1.0
3442,12783511,,,1.0
3443,6940150,,,1.0
3444,9716350,,,1.0
3445,11571757,,,1.0
3446,11571757,,,1.0
3447,11571757,,,1.0
3448,11809145,,,1.0
3449,7746984,,,1.0
3450,7746984,,,1.0
3451,12508604,,,1.0
3452,12508604,,,1.0
